NCES_ID,District_Name,County,Locale_Code,Locale_Category,Locale_Label,CEPD_Region,Prosperity_Region,Metropolitan_Region,Economic_Region,Is_City,Is_Suburb,Is_Town,Is_Rural,Enrollment,FRL_Count,FRL_Percent,Perkins_Funding,Unemployment_Rate,District_Wealth_Index,Has_CTE,Total_Programs,OCQ,OCQ_Category,PAI_County,PAI_County_Category,PAI_CEPD,PAI_CEPD_Category,PAI_Prosperity,PAI_Prosperity_Category,PAI_Metropolitan,PAI_Metropolitan_Category,PAI_Economic,PAI_Economic_Category,PDER,PDER_Interpretation,Config_District_Inclusion,Config_Wage_Threshold,Config_Occupation_Count,Config_Time_Reference,Include_In_Analysis,Z_Enrollment,Z_FRL_Percent,Z_Perkins_Funding,Z_Unemployment_Rate,Z_District_Wealth,Z_OCQ,Has_High_FRL,Has_Low_Wealth,Has_High_Unemployment,OCQ_High,OCQ_Low,PAI_County_High,PAI_County_Low,PDER_Equitable,PDER_UnderRep,PDER_OverRep
2600010,"=INDEX(tbl_Districts_Clean[District_Name],MATCH($A2,tbl_Districts_Clean[NCES_ID],0))","=INDEX(tbl_Districts_Clean[County],MATCH($A2,tbl_Districts_Clean[NCES_ID],0))","=INDEX(tbl_Districts_Clean[Locale_Code],MATCH($A2,tbl_Districts_Clean[NCES_ID],0))","=INDEX(tbl_Districts_Clean[Locale_Category],MATCH($A2,tbl_Districts_Clean[NCES_ID],0))","=INDEX(tbl_Districts_Clean[Locale_Label],MATCH($A2,tbl_Districts_Clean[NCES_ID],0))","=INDEX(tbl_Districts_Clean[CEPD_Region],MATCH($A2,tbl_Districts_Clean[NCES_ID],0))","=INDEX(tbl_Districts_Clean[Prosperity_Region],MATCH($A2,tbl_Districts_Clean[NCES_ID],0))","=INDEX(tbl_Districts_Clean[Metropolitan_Region],MATCH($A2,tbl_Districts_Clean[NCES_ID],0))","=INDEX(tbl_Districts_Clean[Economic_Region],MATCH($A2,tbl_Districts_Clean[NCES_ID],0))","=IF(E2=""City"",1,0)","=IF(E2=""Suburb"",1,0)","=IF(E2=""Town"",1,0)","=IF(E2=""Rural"",1,0)","=INDEX(tbl_Districts_Clean[Enrollment],MATCH($A2,tbl_Districts_Clean[NCES_ID],0))","=INDEX(tbl_Districts_Clean[FRL_Count],MATCH($A2,tbl_Districts_Clean[NCES_ID],0))","=INDEX(tbl_Districts_Clean[FRL_Percent],MATCH($A2,tbl_Districts_Clean[NCES_ID],0))","=IFERROR(INDEX(tbl_Control_Variables[Perkins_Funding],MATCH($A2,tbl_Control_Variables[NCES_ID],0)),0)","=IFERROR(INDEX(tbl_Control_Variables[Unemployment_Rate],MATCH($A2,tbl_Control_Variables[NCES_ID],0)),0)","=IFERROR(INDEX(tbl_Control_Variables[District_Wealth_Index],MATCH($A2,tbl_Control_Variables[NCES_ID],0)),0)","=INDEX(tbl_Districts_Clean[Has_CTE],MATCH($A2,tbl_Districts_Clean[NCES_ID],0))","=IFERROR(INDEX(tbl_OCQ_Calculated[Total_Programs],MATCH($A2,tbl_OCQ_Calculated[NCES_ID],0)),0)","=IFERROR(INDEX(tbl_OCQ_Calculated[OCQ],MATCH($A2,tbl_OCQ_Calculated[NCES_ID],0)),0)","=IFERROR(INDEX(tbl_OCQ_Calculated[OCQ_Category],MATCH($A2,tbl_OCQ_Calculated[NCES_ID],0)),"""")","=IFERROR(INDEX(tbl_PAI_County[PAI_Active_Config],MATCH($A2,tbl_PAI_County[NCES_ID],0)),0)","=IFERROR(INDEX(tbl_PAI_County[PAI_Category],MATCH($A2,tbl_PAI_County[NCES_ID],0)),"""")","=IFERROR(INDEX(tbl_PAI_CEPD[PAI_Active_Config],MATCH($A2,tbl_PAI_CEPD[NCES_ID],0)),0)","=IFERROR(INDEX(tbl_PAI_CEPD[PAI_Category],MATCH($A2,tbl_PAI_CEPD[NCES_ID],0)),"""")","=IFERROR(INDEX(tbl_PAI_Prosperity[PAI_Active_Config],MATCH($A2,tbl_PAI_Prosperity[NCES_ID],0)),0)","=IFERROR(INDEX(tbl_PAI_Prosperity[PAI_Category],MATCH($A2,tbl_PAI_Prosperity[NCES_ID],0)),"""")","=IFERROR(INDEX(tbl_PAI_Metropolitan[PAI_Active_Config],MATCH($A2,tbl_PAI_Metropolitan[NCES_ID],0)),0)","=IFERROR(INDEX(tbl_PAI_Metropolitan[PAI_Category],MATCH($A2,tbl_PAI_Metropolitan[NCES_ID],0)),"""")","=IFERROR(INDEX(tbl_PAI_Economic[PAI_Active_Config],MATCH($A2,tbl_PAI_Economic[NCES_ID],0)),0)","=IFERROR(INDEX(tbl_PAI_Economic[PAI_Category],MATCH($A2,tbl_PAI_Economic[NCES_ID],0)),"""")","=IFERROR(INDEX(tbl_PDER_Calculated[PDER],MATCH($A2,tbl_PDER_Calculated[NCES_ID],0)),0)","=IFERROR(INDEX(tbl_PDER_Calculated[PDER_Interpretation],MATCH($A2,tbl_PDER_Calculated[NCES_ID],0)),"""")",=Active_Toggle_District,=Active_Toggle_Wage,=Active_Toggle_OccCount,=Active_Toggle_TimeRef,"=IF(Active_Toggle_District=""All Districts"",""Yes"",IF(U2=""Yes"",""Yes"",""No""))","=IF(AO2=""No"",NA(),(O2-AVERAGEIF(AO:AO,""Yes"",O:O))/STDEV(IF(AO:AO=""Yes"",O:O)))","=IF(AO2=""No"",NA(),(Q2-AVERAGEIF(AO:AO,""Yes"",Q:Q))/STDEV(IF(AO:AO=""Yes"",Q:Q)))","=IF(AO2=""No"",NA(),(R2-AVERAGE(R:R))/STDEV.S(R:R))","=IF(AO2=""No"",NA(),(S2-AVERAGE(S:S))/STDEV.S(S:S))","=IF(AO2=""No"",NA(),(T2-AVERAGE(T:T))/STDEV.S(T:T))","=IF(AO2=""No"",NA(),(W2-AVERAGE(W:W))/STDEV.S(W:W))","=IF(Q2>=50,1,0)","=IF(T2<1,1,0)","=IF(S2>6,1,0)","=IF(W2>=MEDIAN(W:W),1,0)","=IF(W2<MEDIAN(W:W),1,0)","=IF(Y2>=MEDIAN(Y:Y),1,0)","=IF(Y2<MEDIAN(Y:Y),1,0)","=IF(AND(AI2>=0.8,AI2<=1.2),1,0)","=IF(AI2<0.8,1,0)","=IF(AI2>1.2,1,0)"
2600020,"=INDEX(tbl_Districts_Clean[District_Name],MATCH($A3,tbl_Districts_Clean[NCES_ID],0))","=INDEX(tbl_Districts_Clean[County],MATCH($A3,tbl_Districts_Clean[NCES_ID],0))","=INDEX(tbl_Districts_Clean[Locale_Code],MATCH($A3,tbl_Districts_Clean[NCES_ID],0))","=INDEX(tbl_Districts_Clean[Locale_Category],MATCH($A3,tbl_Districts_Clean[NCES_ID],0))","=INDEX(tbl_Districts_Clean[Locale_Label],MATCH($A3,tbl_Districts_Clean[NCES_ID],0))","=INDEX(tbl_Districts_Clean[CEPD_Region],MATCH($A3,tbl_Districts_Clean[NCES_ID],0))","=INDEX(tbl_Districts_Clean[Prosperity_Region],MATCH($A3,tbl_Districts_Clean[NCES_ID],0))","=INDEX(tbl_Districts_Clean[Metropolitan_Region],MATCH($A3,tbl_Districts_Clean[NCES_ID],0))","=INDEX(tbl_Districts_Clean[Economic_Region],MATCH($A3,tbl_Districts_Clean[NCES_ID],0))","=IF(E3=""City"",1,0)","=IF(E3=""Suburb"",1,0)","=IF(E3=""Town"",1,0)","=IF(E3=""Rural"",1,0)","=INDEX(tbl_Districts_Clean[Enrollment],MATCH($A3,tbl_Districts_Clean[NCES_ID],0))","=INDEX(tbl_Districts_Clean[FRL_Count],MATCH($A3,tbl_Districts_Clean[NCES_ID],0))","=INDEX(tbl_Districts_Clean[FRL_Percent],MATCH($A3,tbl_Districts_Clean[NCES_ID],0))","=IFERROR(INDEX(tbl_Control_Variables[Perkins_Funding],MATCH($A3,tbl_Control_Variables[NCES_ID],0)),0)","=IFERROR(INDEX(tbl_Control_Variables[Unemployment_Rate],MATCH($A3,tbl_Control_Variables[NCES_ID],0)),0)","=IFERROR(INDEX(tbl_Control_Variables[District_Wealth_Index],MATCH($A3,tbl_Control_Variables[NCES_ID],0)),0)","=INDEX(tbl_Districts_Clean[Has_CTE],MATCH($A3,tbl_Districts_Clean[NCES_ID],0))","=IFERROR(INDEX(tbl_OCQ_Calculated[Total_Programs],MATCH($A3,tbl_OCQ_Calculated[NCES_ID],0)),0)","=IFERROR(INDEX(tbl_OCQ_Calculated[OCQ],MATCH($A3,tbl_OCQ_Calculated[NCES_ID],0)),0)","=IFERROR(INDEX(tbl_OCQ_Calculated[OCQ_Category],MATCH($A3,tbl_OCQ_Calculated[NCES_ID],0)),"""")","=IFERROR(INDEX(tbl_PAI_County[PAI_Active_Config],MATCH($A3,tbl_PAI_County[NCES_ID],0)),0)","=IFERROR(INDEX(tbl_PAI_County[PAI_Category],MATCH($A3,tbl_PAI_County[NCES_ID],0)),"""")","=IFERROR(INDEX(tbl_PAI_CEPD[PAI_Active_Config],MATCH($A3,tbl_PAI_CEPD[NCES_ID],0)),0)","=IFERROR(INDEX(tbl_PAI_CEPD[PAI_Category],MATCH($A3,tbl_PAI_CEPD[NCES_ID],0)),"""")","=IFERROR(INDEX(tbl_PAI_Prosperity[PAI_Active_Config],MATCH($A3,tbl_PAI_Prosperity[NCES_ID],0)),0)","=IFERROR(INDEX(tbl_PAI_Prosperity[PAI_Category],MATCH($A3,tbl_PAI_Prosperity[NCES_ID],0)),"""")","=IFERROR(INDEX(tbl_PAI_Metropolitan[PAI_Active_Config],MATCH($A3,tbl_PAI_Metropolitan[NCES_ID],0)),0)","=IFERROR(INDEX(tbl_PAI_Metropolitan[PAI_Category],MATCH($A3,tbl_PAI_Metropolitan[NCES_ID],0)),"""")","=IFERROR(INDEX(tbl_PAI_Economic[PAI_Active_Config],MATCH($A3,tbl_PAI_Economic[NCES_ID],0)),0)","=IFERROR(INDEX(tbl_PAI_Economic[PAI_Category],MATCH($A3,tbl_PAI_Economic[NCES_ID],0)),"""")","=IFERROR(INDEX(tbl_PDER_Calculated[PDER],MATCH($A3,tbl_PDER_Calculated[NCES_ID],0)),0)","=IFERROR(INDEX(tbl_PDER_Calculated[PDER_Interpretation],MATCH($A3,tbl_PDER_Calculated[NCES_ID],0)),"""")",=Active_Toggle_District,=Active_Toggle_Wage,=Active_Toggle_OccCount,=Active_Toggle_TimeRef,"=IF(Active_Toggle_District=""All Districts"",""Yes"",IF(U3=""Yes"",""Yes"",""No""))","=IF(AO3=""No"",NA(),(O3-AVERAGEIF(AO:AO,""Yes"",O:O))/STDEV(IF(AO:AO=""Yes"",O:O)))","=IF(AO3=""No"",NA(),(Q3-AVERAGEIF(AO:AO,""Yes"",Q:Q))/STDEV(IF(AO:AO=""Yes"",Q:Q)))","=IF(AO3=""No"",NA(),(R3-AVERAGE(R:R))/STDEV.S(R:R))","=IF(AO3=""No"",NA(),(S3-AVERAGE(S:S))/STDEV.S(S:S))","=IF(AO3=""No"",NA(),(T3-AVERAGE(T:T))/STDEV.S(T:T))","=IF(AO3=""No"",NA(),(W3-AVERAGE(W:W))/STDEV.S(W:W))","=IF(Q3>=50,1,0)","=IF(T3<1,1,0)","=IF(S3>6,1,0)","=IF(W3>=MEDIAN(W:W),1,0)","=IF(W3<MEDIAN(W:W),1,0)","=IF(Y3>=MEDIAN(Y:Y),1,0)","=IF(Y3<MEDIAN(Y:Y),1,0)","=IF(AND(AI3>=0.8,AI3<=1.2),1,0)","=IF(AI3<0.8,1,0)","=IF(AI3>1.2,1,0)"
2601234,"=INDEX(tbl_Districts_Clean[District_Name],MATCH($A4,tbl_Districts_Clean[NCES_ID],0))","=INDEX(tbl_Districts_Clean[County],MATCH($A4,tbl_Districts_Clean[NCES_ID],0))","=INDEX(tbl_Districts_Clean[Locale_Code],MATCH($A4,tbl_Districts_Clean[NCES_ID],0))","=INDEX(tbl_Districts_Clean[Locale_Category],MATCH($A4,tbl_Districts_Clean[NCES_ID],0))","=INDEX(tbl_Districts_Clean[Locale_Label],MATCH($A4,tbl_Districts_Clean[NCES_ID],0))","=INDEX(tbl_Districts_Clean[CEPD_Region],MATCH($A4,tbl_Districts_Clean[NCES_ID],0))","=INDEX(tbl_Districts_Clean[Prosperity_Region],MATCH($A4,tbl_Districts_Clean[NCES_ID],0))","=INDEX(tbl_Districts_Clean[Metropolitan_Region],MATCH($A4,tbl_Districts_Clean[NCES_ID],0))","=INDEX(tbl_Districts_Clean[Economic_Region],MATCH($A4,tbl_Districts_Clean[NCES_ID],0))","=IF(E4=""City"",1,0)","=IF(E4=""Suburb"",1,0)","=IF(E4=""Town"",1,0)","=IF(E4=""Rural"",1,0)","=INDEX(tbl_Districts_Clean[Enrollment],MATCH($A4,tbl_Districts_Clean[NCES_ID],0))","=INDEX(tbl_Districts_Clean[FRL_Count],MATCH($A4,tbl_Districts_Clean[NCES_ID],0))","=INDEX(tbl_Districts_Clean[FRL_Percent],MATCH($A4,tbl_Districts_Clean[NCES_ID],0))","=IFERROR(INDEX(tbl_Control_Variables[Perkins_Funding],MATCH($A4,tbl_Control_Variables[NCES_ID],0)),0)","=IFERROR(INDEX(tbl_Control_Variables[Unemployment_Rate],MATCH($A4,tbl_Control_Variables[NCES_ID],0)),0)","=IFERROR(INDEX(tbl_Control_Variables[District_Wealth_Index],MATCH($A4,tbl_Control_Variables[NCES_ID],0)),0)","=INDEX(tbl_Districts_Clean[Has_CTE],MATCH($A4,tbl_Districts_Clean[NCES_ID],0))","=IFERROR(INDEX(tbl_OCQ_Calculated[Total_Programs],MATCH($A4,tbl_OCQ_Calculated[NCES_ID],0)),0)","=IFERROR(INDEX(tbl_OCQ_Calculated[OCQ],MATCH($A4,tbl_OCQ_Calculated[NCES_ID],0)),0)","=IFERROR(INDEX(tbl_OCQ_Calculated[OCQ_Category],MATCH($A4,tbl_OCQ_Calculated[NCES_ID],0)),"""")","=IFERROR(INDEX(tbl_PAI_County[PAI_Active_Config],MATCH($A4,tbl_PAI_County[NCES_ID],0)),0)","=IFERROR(INDEX(tbl_PAI_County[PAI_Category],MATCH($A4,tbl_PAI_County[NCES_ID],0)),"""")","=IFERROR(INDEX(tbl_PAI_CEPD[PAI_Active_Config],MATCH($A4,tbl_PAI_CEPD[NCES_ID],0)),0)","=IFERROR(INDEX(tbl_PAI_CEPD[PAI_Category],MATCH($A4,tbl_PAI_CEPD[NCES_ID],0)),"""")","=IFERROR(INDEX(tbl_PAI_Prosperity[PAI_Active_Config],MATCH($A4,tbl_PAI_Prosperity[NCES_ID],0)),0)","=IFERROR(INDEX(tbl_PAI_Prosperity[PAI_Category],MATCH($A4,tbl_PAI_Prosperity[NCES_ID],0)),"""")","=IFERROR(INDEX(tbl_PAI_Metropolitan[PAI_Active_Config],MATCH($A4,tbl_PAI_Metropolitan[NCES_ID],0)),0)","=IFERROR(INDEX(tbl_PAI_Metropolitan[PAI_Category],MATCH($A4,tbl_PAI_Metropolitan[NCES_ID],0)),"""")","=IFERROR(INDEX(tbl_PAI_Economic[PAI_Active_Config],MATCH($A4,tbl_PAI_Economic[NCES_ID],0)),0)","=IFERROR(INDEX(tbl_PAI_Economic[PAI_Category],MATCH($A4,tbl_PAI_Economic[NCES_ID],0)),"""")","=IFERROR(INDEX(tbl_PDER_Calculated[PDER],MATCH($A4,tbl_PDER_Calculated[NCES_ID],0)),0)","=IFERROR(INDEX(tbl_PDER_Calculated[PDER_Interpretation],MATCH($A4,tbl_PDER_Calculated[NCES_ID],0)),"""")",=Active_Toggle_District,=Active_Toggle_Wage,=Active_Toggle_OccCount,=Active_Toggle_TimeRef,"=IF(Active_Toggle_District=""All Districts"",""Yes"",IF(U4=""Yes"",""Yes"",""No""))","=IF(AO4=""No"",NA(),(O4-AVERAGEIF(AO:AO,""Yes"",O:O))/STDEV(IF(AO:AO=""Yes"",O:O)))","=IF(AO4=""No"",NA(),(Q4-AVERAGEIF(AO:AO,""Yes"",Q:Q))/STDEV(IF(AO:AO=""Yes"",Q:Q)))","=IF(AO4=""No"",NA(),(R4-AVERAGE(R:R))/STDEV.S(R:R))","=IF(AO4=""No"",NA(),(S4-AVERAGE(S:S))/STDEV.S(S:S))","=IF(AO4=""No"",NA(),(T4-AVERAGE(T:T))/STDEV.S(T:T))","=IF(AO4=""No"",NA(),(W4-AVERAGE(W:W))/STDEV.S(W:W))","=IF(Q4>=50,1,0)","=IF(T4<1,1,0)","=IF(S4>6,1,0)","=IF(W4>=MEDIAN(W:W),1,0)","=IF(W4<MEDIAN(W:W),1,0)","=IF(Y4>=MEDIAN(Y:Y),1,0)","=IF(Y4<MEDIAN(Y:Y),1,0)","=IF(AND(AI4>=0.8,AI4<=1.2),1,0)","=IF(AI4<0.8,1,0)","=IF(AI4>1.2,1,0)"
2605678,"=INDEX(tbl_Districts_Clean[District_Name],MATCH($A5,tbl_Districts_Clean[NCES_ID],0))","=INDEX(tbl_Districts_Clean[County],MATCH($A5,tbl_Districts_Clean[NCES_ID],0))","=INDEX(tbl_Districts_Clean[Locale_Code],MATCH($A5,tbl_Districts_Clean[NCES_ID],0))","=INDEX(tbl_Districts_Clean[Locale_Category],MATCH($A5,tbl_Districts_Clean[NCES_ID],0))","=INDEX(tbl_Districts_Clean[Locale_Label],MATCH($A5,tbl_Districts_Clean[NCES_ID],0))","=INDEX(tbl_Districts_Clean[CEPD_Region],MATCH($A5,tbl_Districts_Clean[NCES_ID],0))","=INDEX(tbl_Districts_Clean[Prosperity_Region],MATCH($A5,tbl_Districts_Clean[NCES_ID],0))","=INDEX(tbl_Districts_Clean[Metropolitan_Region],MATCH($A5,tbl_Districts_Clean[NCES_ID],0))","=INDEX(tbl_Districts_Clean[Economic_Region],MATCH($A5,tbl_Districts_Clean[NCES_ID],0))","=IF(E5=""City"",1,0)","=IF(E5=""Suburb"",1,0)","=IF(E5=""Town"",1,0)","=IF(E5=""Rural"",1,0)","=INDEX(tbl_Districts_Clean[Enrollment],MATCH($A5,tbl_Districts_Clean[NCES_ID],0))","=INDEX(tbl_Districts_Clean[FRL_Count],MATCH($A5,tbl_Districts_Clean[NCES_ID],0))","=INDEX(tbl_Districts_Clean[FRL_Percent],MATCH($A5,tbl_Districts_Clean[NCES_ID],0))","=IFERROR(INDEX(tbl_Control_Variables[Perkins_Funding],MATCH($A5,tbl_Control_Variables[NCES_ID],0)),0)","=IFERROR(INDEX(tbl_Control_Variables[Unemployment_Rate],MATCH($A5,tbl_Control_Variables[NCES_ID],0)),0)","=IFERROR(INDEX(tbl_Control_Variables[District_Wealth_Index],MATCH($A5,tbl_Control_Variables[NCES_ID],0)),0)","=INDEX(tbl_Districts_Clean[Has_CTE],MATCH($A5,tbl_Districts_Clean[NCES_ID],0))","=IFERROR(INDEX(tbl_OCQ_Calculated[Total_Programs],MATCH($A5,tbl_OCQ_Calculated[NCES_ID],0)),0)","=IFERROR(INDEX(tbl_OCQ_Calculated[OCQ],MATCH($A5,tbl_OCQ_Calculated[NCES_ID],0)),0)","=IFERROR(INDEX(tbl_OCQ_Calculated[OCQ_Category],MATCH($A5,tbl_OCQ_Calculated[NCES_ID],0)),"""")","=IFERROR(INDEX(tbl_PAI_County[PAI_Active_Config],MATCH($A5,tbl_PAI_County[NCES_ID],0)),0)","=IFERROR(INDEX(tbl_PAI_County[PAI_Category],MATCH($A5,tbl_PAI_County[NCES_ID],0)),"""")","=IFERROR(INDEX(tbl_PAI_CEPD[PAI_Active_Config],MATCH($A5,tbl_PAI_CEPD[NCES_ID],0)),0)","=IFERROR(INDEX(tbl_PAI_CEPD[PAI_Category],MATCH($A5,tbl_PAI_CEPD[NCES_ID],0)),"""")","=IFERROR(INDEX(tbl_PAI_Prosperity[PAI_Active_Config],MATCH($A5,tbl_PAI_Prosperity[NCES_ID],0)),0)","=IFERROR(INDEX(tbl_PAI_Prosperity[PAI_Category],MATCH($A5,tbl_PAI_Prosperity[NCES_ID],0)),"""")","=IFERROR(INDEX(tbl_PAI_Metropolitan[PAI_Active_Config],MATCH($A5,tbl_PAI_Metropolitan[NCES_ID],0)),0)","=IFERROR(INDEX(tbl_PAI_Metropolitan[PAI_Category],MATCH($A5,tbl_PAI_Metropolitan[NCES_ID],0)),"""")","=IFERROR(INDEX(tbl_PAI_Economic[PAI_Active_Config],MATCH($A5,tbl_PAI_Economic[NCES_ID],0)),0)","=IFERROR(INDEX(tbl_PAI_Economic[PAI_Category],MATCH($A5,tbl_PAI_Economic[NCES_ID],0)),"""")","=IFERROR(INDEX(tbl_PDER_Calculated[PDER],MATCH($A5,tbl_PDER_Calculated[NCES_ID],0)),0)","=IFERROR(INDEX(tbl_PDER_Calculated[PDER_Interpretation],MATCH($A5,tbl_PDER_Calculated[NCES_ID],0)),"""")",=Active_Toggle_District,=Active_Toggle_Wage,=Active_Toggle_OccCount,=Active_Toggle_TimeRef,"=IF(Active_Toggle_District=""All Districts"",""Yes"",IF(U5=""Yes"",""Yes"",""No""))","=IF(AO5=""No"",NA(),(O5-AVERAGEIF(AO:AO,""Yes"",O:O))/STDEV(IF(AO:AO=""Yes"",O:O)))","=IF(AO5=""No"",NA(),(Q5-AVERAGEIF(AO:AO,""Yes"",Q:Q))/STDEV(IF(AO:AO=""Yes"",Q:Q)))","=IF(AO5=""No"",NA(),(R5-AVERAGE(R:R))/STDEV.S(R:R))","=IF(AO5=""No"",NA(),(S5-AVERAGE(S:S))/STDEV.S(S:S))","=IF(AO5=""No"",NA(),(T5-AVERAGE(T:T))/STDEV.S(T:T))","=IF(AO5=""No"",NA(),(W5-AVERAGE(W:W))/STDEV.S(W:W))","=IF(Q5>=50,1,0)","=IF(T5<1,1,0)","=IF(S5>6,1,0)","=IF(W5>=MEDIAN(W:W),1,0)","=IF(W5<MEDIAN(W:W),1,0)","=IF(Y5>=MEDIAN(Y:Y),1,0)","=IF(Y5<MEDIAN(Y:Y),1,0)","=IF(AND(AI5>=0.8,AI5<=1.2),1,0)","=IF(AI5<0.8,1,0)","=IF(AI5>1.2,1,0)"
2609876,"=INDEX(tbl_Districts_Clean[District_Name],MATCH($A6,tbl_Districts_Clean[NCES_ID],0))","=INDEX(tbl_Districts_Clean[County],MATCH($A6,tbl_Districts_Clean[NCES_ID],0))","=INDEX(tbl_Districts_Clean[Locale_Code],MATCH($A6,tbl_Districts_Clean[NCES_ID],0))","=INDEX(tbl_Districts_Clean[Locale_Category],MATCH($A6,tbl_Districts_Clean[NCES_ID],0))","=INDEX(tbl_Districts_Clean[Locale_Label],MATCH($A6,tbl_Districts_Clean[NCES_ID],0))","=INDEX(tbl_Districts_Clean[CEPD_Region],MATCH($A6,tbl_Districts_Clean[NCES_ID],0))","=INDEX(tbl_Districts_Clean[Prosperity_Region],MATCH($A6,tbl_Districts_Clean[NCES_ID],0))","=INDEX(tbl_Districts_Clean[Metropolitan_Region],MATCH($A6,tbl_Districts_Clean[NCES_ID],0))","=INDEX(tbl_Districts_Clean[Economic_Region],MATCH($A6,tbl_Districts_Clean[NCES_ID],0))","=IF(E6=""City"",1,0)","=IF(E6=""Suburb"",1,0)","=IF(E6=""Town"",1,0)","=IF(E6=""Rural"",1,0)","=INDEX(tbl_Districts_Clean[Enrollment],MATCH($A6,tbl_Districts_Clean[NCES_ID],0))","=INDEX(tbl_Districts_Clean[FRL_Count],MATCH($A6,tbl_Districts_Clean[NCES_ID],0))","=INDEX(tbl_Districts_Clean[FRL_Percent],MATCH($A6,tbl_Districts_Clean[NCES_ID],0))","=IFERROR(INDEX(tbl_Control_Variables[Perkins_Funding],MATCH($A6,tbl_Control_Variables[NCES_ID],0)),0)","=IFERROR(INDEX(tbl_Control_Variables[Unemployment_Rate],MATCH($A6,tbl_Control_Variables[NCES_ID],0)),0)","=IFERROR(INDEX(tbl_Control_Variables[District_Wealth_Index],MATCH($A6,tbl_Control_Variables[NCES_ID],0)),0)","=INDEX(tbl_Districts_Clean[Has_CTE],MATCH($A6,tbl_Districts_Clean[NCES_ID],0))","=IFERROR(INDEX(tbl_OCQ_Calculated[Total_Programs],MATCH($A6,tbl_OCQ_Calculated[NCES_ID],0)),0)","=IFERROR(INDEX(tbl_OCQ_Calculated[OCQ],MATCH($A6,tbl_OCQ_Calculated[NCES_ID],0)),0)","=IFERROR(INDEX(tbl_OCQ_Calculated[OCQ_Category],MATCH($A6,tbl_OCQ_Calculated[NCES_ID],0)),"""")","=IFERROR(INDEX(tbl_PAI_County[PAI_Active_Config],MATCH($A6,tbl_PAI_County[NCES_ID],0)),0)","=IFERROR(INDEX(tbl_PAI_County[PAI_Category],MATCH($A6,tbl_PAI_County[NCES_ID],0)),"""")","=IFERROR(INDEX(tbl_PAI_CEPD[PAI_Active_Config],MATCH($A6,tbl_PAI_CEPD[NCES_ID],0)),0)","=IFERROR(INDEX(tbl_PAI_CEPD[PAI_Category],MATCH($A6,tbl_PAI_CEPD[NCES_ID],0)),"""")","=IFERROR(INDEX(tbl_PAI_Prosperity[PAI_Active_Config],MATCH($A6,tbl_PAI_Prosperity[NCES_ID],0)),0)","=IFERROR(INDEX(tbl_PAI_Prosperity[PAI_Category],MATCH($A6,tbl_PAI_Prosperity[NCES_ID],0)),"""")","=IFERROR(INDEX(tbl_PAI_Metropolitan[PAI_Active_Config],MATCH($A6,tbl_PAI_Metropolitan[NCES_ID],0)),0)","=IFERROR(INDEX(tbl_PAI_Metropolitan[PAI_Category],MATCH($A6,tbl_PAI_Metropolitan[NCES_ID],0)),"""")","=IFERROR(INDEX(tbl_PAI_Economic[PAI_Active_Config],MATCH($A6,tbl_PAI_Economic[NCES_ID],0)),0)","=IFERROR(INDEX(tbl_PAI_Economic[PAI_Category],MATCH($A6,tbl_PAI_Economic[NCES_ID],0)),"""")","=IFERROR(INDEX(tbl_PDER_Calculated[PDER],MATCH($A6,tbl_PDER_Calculated[NCES_ID],0)),0)","=IFERROR(INDEX(tbl_PDER_Calculated[PDER_Interpretation],MATCH($A6,tbl_PDER_Calculated[NCES_ID],0)),"""")",=Active_Toggle_District,=Active_Toggle_Wage,=Active_Toggle_OccCount,=Active_Toggle_TimeRef,"=IF(Active_Toggle_District=""All Districts"",""Yes"",IF(U6=""Yes"",""Yes"",""No""))","=IF(AO6=""No"",NA(),(O6-AVERAGEIF(AO:AO,""Yes"",O:O))/STDEV(IF(AO:AO=""Yes"",O:O)))","=IF(AO6=""No"",NA(),(Q6-AVERAGEIF(AO:AO,""Yes"",Q:Q))/STDEV(IF(AO:AO=""Yes"",Q:Q)))","=IF(AO6=""No"",NA(),(R6-AVERAGE(R:R))/STDEV.S(R:R))","=IF(AO6=""No"",NA(),(S6-AVERAGE(S:S))/STDEV.S(S:S))","=IF(AO6=""No"",NA(),(T6-AVERAGE(T:T))/STDEV.S(T:T))","=IF(AO6=""No"",NA(),(W6-AVERAGE(W:W))/STDEV.S(W:W))","=IF(Q6>=50,1,0)","=IF(T6<1,1,0)","=IF(S6>6,1,0)","=IF(W6>=MEDIAN(W:W),1,0)","=IF(W6<MEDIAN(W:W),1,0)","=IF(Y6>=MEDIAN(Y:Y),1,0)","=IF(Y6<MEDIAN(Y:Y),1,0)","=IF(AND(AI6>=0.8,AI6<=1.2),1,0)","=IF(AI6<0.8,1,0)","=IF(AI6>1.2,1,0)"
2602345,"=INDEX(tbl_Districts_Clean[District_Name],MATCH($A7,tbl_Districts_Clean[NCES_ID],0))","=INDEX(tbl_Districts_Clean[County],MATCH($A7,tbl_Districts_Clean[NCES_ID],0))","=INDEX(tbl_Districts_Clean[Locale_Code],MATCH($A7,tbl_Districts_Clean[NCES_ID],0))","=INDEX(tbl_Districts_Clean[Locale_Category],MATCH($A7,tbl_Districts_Clean[NCES_ID],0))","=INDEX(tbl_Districts_Clean[Locale_Label],MATCH($A7,tbl_Districts_Clean[NCES_ID],0))","=INDEX(tbl_Districts_Clean[CEPD_Region],MATCH($A7,tbl_Districts_Clean[NCES_ID],0))","=INDEX(tbl_Districts_Clean[Prosperity_Region],MATCH($A7,tbl_Districts_Clean[NCES_ID],0))","=INDEX(tbl_Districts_Clean[Metropolitan_Region],MATCH($A7,tbl_Districts_Clean[NCES_ID],0))","=INDEX(tbl_Districts_Clean[Economic_Region],MATCH($A7,tbl_Districts_Clean[NCES_ID],0))","=IF(E7=""City"",1,0)","=IF(E7=""Suburb"",1,0)","=IF(E7=""Town"",1,0)","=IF(E7=""Rural"",1,0)","=INDEX(tbl_Districts_Clean[Enrollment],MATCH($A7,tbl_Districts_Clean[NCES_ID],0))","=INDEX(tbl_Districts_Clean[FRL_Count],MATCH($A7,tbl_Districts_Clean[NCES_ID],0))","=INDEX(tbl_Districts_Clean[FRL_Percent],MATCH($A7,tbl_Districts_Clean[NCES_ID],0))","=IFERROR(INDEX(tbl_Control_Variables[Perkins_Funding],MATCH($A7,tbl_Control_Variables[NCES_ID],0)),0)","=IFERROR(INDEX(tbl_Control_Variables[Unemployment_Rate],MATCH($A7,tbl_Control_Variables[NCES_ID],0)),0)","=IFERROR(INDEX(tbl_Control_Variables[District_Wealth_Index],MATCH($A7,tbl_Control_Variables[NCES_ID],0)),0)","=INDEX(tbl_Districts_Clean[Has_CTE],MATCH($A7,tbl_Districts_Clean[NCES_ID],0))","=IFERROR(INDEX(tbl_OCQ_Calculated[Total_Programs],MATCH($A7,tbl_OCQ_Calculated[NCES_ID],0)),0)","=IFERROR(INDEX(tbl_OCQ_Calculated[OCQ],MATCH($A7,tbl_OCQ_Calculated[NCES_ID],0)),0)","=IFERROR(INDEX(tbl_OCQ_Calculated[OCQ_Category],MATCH($A7,tbl_OCQ_Calculated[NCES_ID],0)),"""")","=IFERROR(INDEX(tbl_PAI_County[PAI_Active_Config],MATCH($A7,tbl_PAI_County[NCES_ID],0)),0)","=IFERROR(INDEX(tbl_PAI_County[PAI_Category],MATCH($A7,tbl_PAI_County[NCES_ID],0)),"""")","=IFERROR(INDEX(tbl_PAI_CEPD[PAI_Active_Config],MATCH($A7,tbl_PAI_CEPD[NCES_ID],0)),0)","=IFERROR(INDEX(tbl_PAI_CEPD[PAI_Category],MATCH($A7,tbl_PAI_CEPD[NCES_ID],0)),"""")","=IFERROR(INDEX(tbl_PAI_Prosperity[PAI_Active_Config],MATCH($A7,tbl_PAI_Prosperity[NCES_ID],0)),0)","=IFERROR(INDEX(tbl_PAI_Prosperity[PAI_Category],MATCH($A7,tbl_PAI_Prosperity[NCES_ID],0)),"""")","=IFERROR(INDEX(tbl_PAI_Metropolitan[PAI_Active_Config],MATCH($A7,tbl_PAI_Metropolitan[NCES_ID],0)),0)","=IFERROR(INDEX(tbl_PAI_Metropolitan[PAI_Category],MATCH($A7,tbl_PAI_Metropolitan[NCES_ID],0)),"""")","=IFERROR(INDEX(tbl_PAI_Economic[PAI_Active_Config],MATCH($A7,tbl_PAI_Economic[NCES_ID],0)),0)","=IFERROR(INDEX(tbl_PAI_Economic[PAI_Category],MATCH($A7,tbl_PAI_Economic[NCES_ID],0)),"""")","=IFERROR(INDEX(tbl_PDER_Calculated[PDER],MATCH($A7,tbl_PDER_Calculated[NCES_ID],0)),0)","=IFERROR(INDEX(tbl_PDER_Calculated[PDER_Interpretation],MATCH($A7,tbl_PDER_Calculated[NCES_ID],0)),"""")",=Active_Toggle_District,=Active_Toggle_Wage,=Active_Toggle_OccCount,=Active_Toggle_TimeRef,"=IF(Active_Toggle_District=""All Districts"",""Yes"",IF(U7=""Yes"",""Yes"",""No""))","=IF(AO7=""No"",NA(),(O7-AVERAGEIF(AO:AO,""Yes"",O:O))/STDEV(IF(AO:AO=""Yes"",O:O)))","=IF(AO7=""No"",NA(),(Q7-AVERAGEIF(AO:AO,""Yes"",Q:Q))/STDEV(IF(AO:AO=""Yes"",Q:Q)))","=IF(AO7=""No"",NA(),(R7-AVERAGE(R:R))/STDEV.S(R:R))","=IF(AO7=""No"",NA(),(S7-AVERAGE(S:S))/STDEV.S(S:S))","=IF(AO7=""No"",NA(),(T7-AVERAGE(T:T))/STDEV.S(T:T))","=IF(AO7=""No"",NA(),(W7-AVERAGE(W:W))/STDEV.S(W:W))","=IF(Q7>=50,1,0)","=IF(T7<1,1,0)","=IF(S7>6,1,0)","=IF(W7>=MEDIAN(W:W),1,0)","=IF(W7<MEDIAN(W:W),1,0)","=IF(Y7>=MEDIAN(Y:Y),1,0)","=IF(Y7<MEDIAN(Y:Y),1,0)","=IF(AND(AI7>=0.8,AI7<=1.2),1,0)","=IF(AI7<0.8,1,0)","=IF(AI7>1.2,1,0)"
2603456,"=INDEX(tbl_Districts_Clean[District_Name],MATCH($A8,tbl_Districts_Clean[NCES_ID],0))","=INDEX(tbl_Districts_Clean[County],MATCH($A8,tbl_Districts_Clean[NCES_ID],0))","=INDEX(tbl_Districts_Clean[Locale_Code],MATCH($A8,tbl_Districts_Clean[NCES_ID],0))","=INDEX(tbl_Districts_Clean[Locale_Category],MATCH($A8,tbl_Districts_Clean[NCES_ID],0))","=INDEX(tbl_Districts_Clean[Locale_Label],MATCH($A8,tbl_Districts_Clean[NCES_ID],0))","=INDEX(tbl_Districts_Clean[CEPD_Region],MATCH($A8,tbl_Districts_Clean[NCES_ID],0))","=INDEX(tbl_Districts_Clean[Prosperity_Region],MATCH($A8,tbl_Districts_Clean[NCES_ID],0))","=INDEX(tbl_Districts_Clean[Metropolitan_Region],MATCH($A8,tbl_Districts_Clean[NCES_ID],0))","=INDEX(tbl_Districts_Clean[Economic_Region],MATCH($A8,tbl_Districts_Clean[NCES_ID],0))","=IF(E8=""City"",1,0)","=IF(E8=""Suburb"",1,0)","=IF(E8=""Town"",1,0)","=IF(E8=""Rural"",1,0)","=INDEX(tbl_Districts_Clean[Enrollment],MATCH($A8,tbl_Districts_Clean[NCES_ID],0))","=INDEX(tbl_Districts_Clean[FRL_Count],MATCH($A8,tbl_Districts_Clean[NCES_ID],0))","=INDEX(tbl_Districts_Clean[FRL_Percent],MATCH($A8,tbl_Districts_Clean[NCES_ID],0))","=IFERROR(INDEX(tbl_Control_Variables[Perkins_Funding],MATCH($A8,tbl_Control_Variables[NCES_ID],0)),0)","=IFERROR(INDEX(tbl_Control_Variables[Unemployment_Rate],MATCH($A8,tbl_Control_Variables[NCES_ID],0)),0)","=IFERROR(INDEX(tbl_Control_Variables[District_Wealth_Index],MATCH($A8,tbl_Control_Variables[NCES_ID],0)),0)","=INDEX(tbl_Districts_Clean[Has_CTE],MATCH($A8,tbl_Districts_Clean[NCES_ID],0))","=IFERROR(INDEX(tbl_OCQ_Calculated[Total_Programs],MATCH($A8,tbl_OCQ_Calculated[NCES_ID],0)),0)","=IFERROR(INDEX(tbl_OCQ_Calculated[OCQ],MATCH($A8,tbl_OCQ_Calculated[NCES_ID],0)),0)","=IFERROR(INDEX(tbl_OCQ_Calculated[OCQ_Category],MATCH($A8,tbl_OCQ_Calculated[NCES_ID],0)),"""")","=IFERROR(INDEX(tbl_PAI_County[PAI_Active_Config],MATCH($A8,tbl_PAI_County[NCES_ID],0)),0)","=IFERROR(INDEX(tbl_PAI_County[PAI_Category],MATCH($A8,tbl_PAI_County[NCES_ID],0)),"""")","=IFERROR(INDEX(tbl_PAI_CEPD[PAI_Active_Config],MATCH($A8,tbl_PAI_CEPD[NCES_ID],0)),0)","=IFERROR(INDEX(tbl_PAI_CEPD[PAI_Category],MATCH($A8,tbl_PAI_CEPD[NCES_ID],0)),"""")","=IFERROR(INDEX(tbl_PAI_Prosperity[PAI_Active_Config],MATCH($A8,tbl_PAI_Prosperity[NCES_ID],0)),0)","=IFERROR(INDEX(tbl_PAI_Prosperity[PAI_Category],MATCH($A8,tbl_PAI_Prosperity[NCES_ID],0)),"""")","=IFERROR(INDEX(tbl_PAI_Metropolitan[PAI_Active_Config],MATCH($A8,tbl_PAI_Metropolitan[NCES_ID],0)),0)","=IFERROR(INDEX(tbl_PAI_Metropolitan[PAI_Category],MATCH($A8,tbl_PAI_Metropolitan[NCES_ID],0)),"""")","=IFERROR(INDEX(tbl_PAI_Economic[PAI_Active_Config],MATCH($A8,tbl_PAI_Economic[NCES_ID],0)),0)","=IFERROR(INDEX(tbl_PAI_Economic[PAI_Category],MATCH($A8,tbl_PAI_Economic[NCES_ID],0)),"""")","=IFERROR(INDEX(tbl_PDER_Calculated[PDER],MATCH($A8,tbl_PDER_Calculated[NCES_ID],0)),0)","=IFERROR(INDEX(tbl_PDER_Calculated[PDER_Interpretation],MATCH($A8,tbl_PDER_Calculated[NCES_ID],0)),"""")",=Active_Toggle_District,=Active_Toggle_Wage,=Active_Toggle_OccCount,=Active_Toggle_TimeRef,"=IF(Active_Toggle_District=""All Districts"",""Yes"",IF(U8=""Yes"",""Yes"",""No""))","=IF(AO8=""No"",NA(),(O8-AVERAGEIF(AO:AO,""Yes"",O:O))/STDEV(IF(AO:AO=""Yes"",O:O)))","=IF(AO8=""No"",NA(),(Q8-AVERAGEIF(AO:AO,""Yes"",Q:Q))/STDEV(IF(AO:AO=""Yes"",Q:Q)))","=IF(AO8=""No"",NA(),(R8-AVERAGE(R:R))/STDEV.S(R:R))","=IF(AO8=""No"",NA(),(S8-AVERAGE(S:S))/STDEV.S(S:S))","=IF(AO8=""No"",NA(),(T8-AVERAGE(T:T))/STDEV.S(T:T))","=IF(AO8=""No"",NA(),(W8-AVERAGE(W:W))/STDEV.S(W:W))","=IF(Q8>=50,1,0)","=IF(T8<1,1,0)","=IF(S8>6,1,0)","=IF(W8>=MEDIAN(W:W),1,0)","=IF(W8<MEDIAN(W:W),1,0)","=IF(Y8>=MEDIAN(Y:Y),1,0)","=IF(Y8<MEDIAN(Y:Y),1,0)","=IF(AND(AI8>=0.8,AI8<=1.2),1,0)","=IF(AI8<0.8,1,0)","=IF(AI8>1.2,1,0)"
2604567,"=INDEX(tbl_Districts_Clean[District_Name],MATCH($A9,tbl_Districts_Clean[NCES_ID],0))","=INDEX(tbl_Districts_Clean[County],MATCH($A9,tbl_Districts_Clean[NCES_ID],0))","=INDEX(tbl_Districts_Clean[Locale_Code],MATCH($A9,tbl_Districts_Clean[NCES_ID],0))","=INDEX(tbl_Districts_Clean[Locale_Category],MATCH($A9,tbl_Districts_Clean[NCES_ID],0))","=INDEX(tbl_Districts_Clean[Locale_Label],MATCH($A9,tbl_Districts_Clean[NCES_ID],0))","=INDEX(tbl_Districts_Clean[CEPD_Region],MATCH($A9,tbl_Districts_Clean[NCES_ID],0))","=INDEX(tbl_Districts_Clean[Prosperity_Region],MATCH($A9,tbl_Districts_Clean[NCES_ID],0))","=INDEX(tbl_Districts_Clean[Metropolitan_Region],MATCH($A9,tbl_Districts_Clean[NCES_ID],0))","=INDEX(tbl_Districts_Clean[Economic_Region],MATCH($A9,tbl_Districts_Clean[NCES_ID],0))","=IF(E9=""City"",1,0)","=IF(E9=""Suburb"",1,0)","=IF(E9=""Town"",1,0)","=IF(E9=""Rural"",1,0)","=INDEX(tbl_Districts_Clean[Enrollment],MATCH($A9,tbl_Districts_Clean[NCES_ID],0))","=INDEX(tbl_Districts_Clean[FRL_Count],MATCH($A9,tbl_Districts_Clean[NCES_ID],0))","=INDEX(tbl_Districts_Clean[FRL_Percent],MATCH($A9,tbl_Districts_Clean[NCES_ID],0))","=IFERROR(INDEX(tbl_Control_Variables[Perkins_Funding],MATCH($A9,tbl_Control_Variables[NCES_ID],0)),0)","=IFERROR(INDEX(tbl_Control_Variables[Unemployment_Rate],MATCH($A9,tbl_Control_Variables[NCES_ID],0)),0)","=IFERROR(INDEX(tbl_Control_Variables[District_Wealth_Index],MATCH($A9,tbl_Control_Variables[NCES_ID],0)),0)","=INDEX(tbl_Districts_Clean[Has_CTE],MATCH($A9,tbl_Districts_Clean[NCES_ID],0))","=IFERROR(INDEX(tbl_OCQ_Calculated[Total_Programs],MATCH($A9,tbl_OCQ_Calculated[NCES_ID],0)),0)","=IFERROR(INDEX(tbl_OCQ_Calculated[OCQ],MATCH($A9,tbl_OCQ_Calculated[NCES_ID],0)),0)","=IFERROR(INDEX(tbl_OCQ_Calculated[OCQ_Category],MATCH($A9,tbl_OCQ_Calculated[NCES_ID],0)),"""")","=IFERROR(INDEX(tbl_PAI_County[PAI_Active_Config],MATCH($A9,tbl_PAI_County[NCES_ID],0)),0)","=IFERROR(INDEX(tbl_PAI_County[PAI_Category],MATCH($A9,tbl_PAI_County[NCES_ID],0)),"""")","=IFERROR(INDEX(tbl_PAI_CEPD[PAI_Active_Config],MATCH($A9,tbl_PAI_CEPD[NCES_ID],0)),0)","=IFERROR(INDEX(tbl_PAI_CEPD[PAI_Category],MATCH($A9,tbl_PAI_CEPD[NCES_ID],0)),"""")","=IFERROR(INDEX(tbl_PAI_Prosperity[PAI_Active_Config],MATCH($A9,tbl_PAI_Prosperity[NCES_ID],0)),0)","=IFERROR(INDEX(tbl_PAI_Prosperity[PAI_Category],MATCH($A9,tbl_PAI_Prosperity[NCES_ID],0)),"""")","=IFERROR(INDEX(tbl_PAI_Metropolitan[PAI_Active_Config],MATCH($A9,tbl_PAI_Metropolitan[NCES_ID],0)),0)","=IFERROR(INDEX(tbl_PAI_Metropolitan[PAI_Category],MATCH($A9,tbl_PAI_Metropolitan[NCES_ID],0)),"""")","=IFERROR(INDEX(tbl_PAI_Economic[PAI_Active_Config],MATCH($A9,tbl_PAI_Economic[NCES_ID],0)),0)","=IFERROR(INDEX(tbl_PAI_Economic[PAI_Category],MATCH($A9,tbl_PAI_Economic[NCES_ID],0)),"""")","=IFERROR(INDEX(tbl_PDER_Calculated[PDER],MATCH($A9,tbl_PDER_Calculated[NCES_ID],0)),0)","=IFERROR(INDEX(tbl_PDER_Calculated[PDER_Interpretation],MATCH($A9,tbl_PDER_Calculated[NCES_ID],0)),"""")",=Active_Toggle_District,=Active_Toggle_Wage,=Active_Toggle_OccCount,=Active_Toggle_TimeRef,"=IF(Active_Toggle_District=""All Districts"",""Yes"",IF(U9=""Yes"",""Yes"",""No""))","=IF(AO9=""No"",NA(),(O9-AVERAGEIF(AO:AO,""Yes"",O:O))/STDEV(IF(AO:AO=""Yes"",O:O)))","=IF(AO9=""No"",NA(),(Q9-AVERAGEIF(AO:AO,""Yes"",Q:Q))/STDEV(IF(AO:AO=""Yes"",Q:Q)))","=IF(AO9=""No"",NA(),(R9-AVERAGE(R:R))/STDEV.S(R:R))","=IF(AO9=""No"",NA(),(S9-AVERAGE(S:S))/STDEV.S(S:S))","=IF(AO9=""No"",NA(),(T9-AVERAGE(T:T))/STDEV.S(T:T))","=IF(AO9=""No"",NA(),(W9-AVERAGE(W:W))/STDEV.S(W:W))","=IF(Q9>=50,1,0)","=IF(T9<1,1,0)","=IF(S9>6,1,0)","=IF(W9>=MEDIAN(W:W),1,0)","=IF(W9<MEDIAN(W:W),1,0)","=IF(Y9>=MEDIAN(Y:Y),1,0)","=IF(Y9<MEDIAN(Y:Y),1,0)","=IF(AND(AI9>=0.8,AI9<=1.2),1,0)","=IF(AI9<0.8,1,0)","=IF(AI9>1.2,1,0)"
2606789,"=INDEX(tbl_Districts_Clean[District_Name],MATCH($A10,tbl_Districts_Clean[NCES_ID],0))","=INDEX(tbl_Districts_Clean[County],MATCH($A10,tbl_Districts_Clean[NCES_ID],0))","=INDEX(tbl_Districts_Clean[Locale_Code],MATCH($A10,tbl_Districts_Clean[NCES_ID],0))","=INDEX(tbl_Districts_Clean[Locale_Category],MATCH($A10,tbl_Districts_Clean[NCES_ID],0))","=INDEX(tbl_Districts_Clean[Locale_Label],MATCH($A10,tbl_Districts_Clean[NCES_ID],0))","=INDEX(tbl_Districts_Clean[CEPD_Region],MATCH($A10,tbl_Districts_Clean[NCES_ID],0))","=INDEX(tbl_Districts_Clean[Prosperity_Region],MATCH($A10,tbl_Districts_Clean[NCES_ID],0))","=INDEX(tbl_Districts_Clean[Metropolitan_Region],MATCH($A10,tbl_Districts_Clean[NCES_ID],0))","=INDEX(tbl_Districts_Clean[Economic_Region],MATCH($A10,tbl_Districts_Clean[NCES_ID],0))","=IF(E10=""City"",1,0)","=IF(E10=""Suburb"",1,0)","=IF(E10=""Town"",1,0)","=IF(E10=""Rural"",1,0)","=INDEX(tbl_Districts_Clean[Enrollment],MATCH($A10,tbl_Districts_Clean[NCES_ID],0))","=INDEX(tbl_Districts_Clean[FRL_Count],MATCH($A10,tbl_Districts_Clean[NCES_ID],0))","=INDEX(tbl_Districts_Clean[FRL_Percent],MATCH($A10,tbl_Districts_Clean[NCES_ID],0))","=IFERROR(INDEX(tbl_Control_Variables[Perkins_Funding],MATCH($A10,tbl_Control_Variables[NCES_ID],0)),0)","=IFERROR(INDEX(tbl_Control_Variables[Unemployment_Rate],MATCH($A10,tbl_Control_Variables[NCES_ID],0)),0)","=IFERROR(INDEX(tbl_Control_Variables[District_Wealth_Index],MATCH($A10,tbl_Control_Variables[NCES_ID],0)),0)","=INDEX(tbl_Districts_Clean[Has_CTE],MATCH($A10,tbl_Districts_Clean[NCES_ID],0))","=IFERROR(INDEX(tbl_OCQ_Calculated[Total_Programs],MATCH($A10,tbl_OCQ_Calculated[NCES_ID],0)),0)","=IFERROR(INDEX(tbl_OCQ_Calculated[OCQ],MATCH($A10,tbl_OCQ_Calculated[NCES_ID],0)),0)","=IFERROR(INDEX(tbl_OCQ_Calculated[OCQ_Category],MATCH($A10,tbl_OCQ_Calculated[NCES_ID],0)),"""")","=IFERROR(INDEX(tbl_PAI_County[PAI_Active_Config],MATCH($A10,tbl_PAI_County[NCES_ID],0)),0)","=IFERROR(INDEX(tbl_PAI_County[PAI_Category],MATCH($A10,tbl_PAI_County[NCES_ID],0)),"""")","=IFERROR(INDEX(tbl_PAI_CEPD[PAI_Active_Config],MATCH($A10,tbl_PAI_CEPD[NCES_ID],0)),0)","=IFERROR(INDEX(tbl_PAI_CEPD[PAI_Category],MATCH($A10,tbl_PAI_CEPD[NCES_ID],0)),"""")","=IFERROR(INDEX(tbl_PAI_Prosperity[PAI_Active_Config],MATCH($A10,tbl_PAI_Prosperity[NCES_ID],0)),0)","=IFERROR(INDEX(tbl_PAI_Prosperity[PAI_Category],MATCH($A10,tbl_PAI_Prosperity[NCES_ID],0)),"""")","=IFERROR(INDEX(tbl_PAI_Metropolitan[PAI_Active_Config],MATCH($A10,tbl_PAI_Metropolitan[NCES_ID],0)),0)","=IFERROR(INDEX(tbl_PAI_Metropolitan[PAI_Category],MATCH($A10,tbl_PAI_Metropolitan[NCES_ID],0)),"""")","=IFERROR(INDEX(tbl_PAI_Economic[PAI_Active_Config],MATCH($A10,tbl_PAI_Economic[NCES_ID],0)),0)","=IFERROR(INDEX(tbl_PAI_Economic[PAI_Category],MATCH($A10,tbl_PAI_Economic[NCES_ID],0)),"""")","=IFERROR(INDEX(tbl_PDER_Calculated[PDER],MATCH($A10,tbl_PDER_Calculated[NCES_ID],0)),0)","=IFERROR(INDEX(tbl_PDER_Calculated[PDER_Interpretation],MATCH($A10,tbl_PDER_Calculated[NCES_ID],0)),"""")",=Active_Toggle_District,=Active_Toggle_Wage,=Active_Toggle_OccCount,=Active_Toggle_TimeRef,"=IF(Active_Toggle_District=""All Districts"",""Yes"",IF(U10=""Yes"",""Yes"",""No""))","=IF(AO10=""No"",NA(),(O10-AVERAGEIF(AO:AO,""Yes"",O:O))/STDEV(IF(AO:AO=""Yes"",O:O)))","=IF(AO10=""No"",NA(),(Q10-AVERAGEIF(AO:AO,""Yes"",Q:Q))/STDEV(IF(AO:AO=""Yes"",Q:Q)))","=IF(AO10=""No"",NA(),(R10-AVERAGE(R:R))/STDEV.S(R:R))","=IF(AO10=""No"",NA(),(S10-AVERAGE(S:S))/STDEV.S(S:S))","=IF(AO10=""No"",NA(),(T10-AVERAGE(T:T))/STDEV.S(T:T))","=IF(AO10=""No"",NA(),(W10-AVERAGE(W:W))/STDEV.S(W:W))","=IF(Q10>=50,1,0)","=IF(T10<1,1,0)","=IF(S10>6,1,0)","=IF(W10>=MEDIAN(W:W),1,0)","=IF(W10<MEDIAN(W:W),1,0)","=IF(Y10>=MEDIAN(Y:Y),1,0)","=IF(Y10<MEDIAN(Y:Y),1,0)","=IF(AND(AI10>=0.8,AI10<=1.2),1,0)","=IF(AI10<0.8,1,0)","=IF(AI10>1.2,1,0)"
2607890,"=INDEX(tbl_Districts_Clean[District_Name],MATCH($A11,tbl_Districts_Clean[NCES_ID],0))","=INDEX(tbl_Districts_Clean[County],MATCH($A11,tbl_Districts_Clean[NCES_ID],0))","=INDEX(tbl_Districts_Clean[Locale_Code],MATCH($A11,tbl_Districts_Clean[NCES_ID],0))","=INDEX(tbl_Districts_Clean[Locale_Category],MATCH($A11,tbl_Districts_Clean[NCES_ID],0))","=INDEX(tbl_Districts_Clean[Locale_Label],MATCH($A11,tbl_Districts_Clean[NCES_ID],0))","=INDEX(tbl_Districts_Clean[CEPD_Region],MATCH($A11,tbl_Districts_Clean[NCES_ID],0))","=INDEX(tbl_Districts_Clean[Prosperity_Region],MATCH($A11,tbl_Districts_Clean[NCES_ID],0))","=INDEX(tbl_Districts_Clean[Metropolitan_Region],MATCH($A11,tbl_Districts_Clean[NCES_ID],0))","=INDEX(tbl_Districts_Clean[Economic_Region],MATCH($A11,tbl_Districts_Clean[NCES_ID],0))","=IF(E11=""City"",1,0)","=IF(E11=""Suburb"",1,0)","=IF(E11=""Town"",1,0)","=IF(E11=""Rural"",1,0)","=INDEX(tbl_Districts_Clean[Enrollment],MATCH($A11,tbl_Districts_Clean[NCES_ID],0))","=INDEX(tbl_Districts_Clean[FRL_Count],MATCH($A11,tbl_Districts_Clean[NCES_ID],0))","=INDEX(tbl_Districts_Clean[FRL_Percent],MATCH($A11,tbl_Districts_Clean[NCES_ID],0))","=IFERROR(INDEX(tbl_Control_Variables[Perkins_Funding],MATCH($A11,tbl_Control_Variables[NCES_ID],0)),0)","=IFERROR(INDEX(tbl_Control_Variables[Unemployment_Rate],MATCH($A11,tbl_Control_Variables[NCES_ID],0)),0)","=IFERROR(INDEX(tbl_Control_Variables[District_Wealth_Index],MATCH($A11,tbl_Control_Variables[NCES_ID],0)),0)","=INDEX(tbl_Districts_Clean[Has_CTE],MATCH($A11,tbl_Districts_Clean[NCES_ID],0))","=IFERROR(INDEX(tbl_OCQ_Calculated[Total_Programs],MATCH($A11,tbl_OCQ_Calculated[NCES_ID],0)),0)","=IFERROR(INDEX(tbl_OCQ_Calculated[OCQ],MATCH($A11,tbl_OCQ_Calculated[NCES_ID],0)),0)","=IFERROR(INDEX(tbl_OCQ_Calculated[OCQ_Category],MATCH($A11,tbl_OCQ_Calculated[NCES_ID],0)),"""")","=IFERROR(INDEX(tbl_PAI_County[PAI_Active_Config],MATCH($A11,tbl_PAI_County[NCES_ID],0)),0)","=IFERROR(INDEX(tbl_PAI_County[PAI_Category],MATCH($A11,tbl_PAI_County[NCES_ID],0)),"""")","=IFERROR(INDEX(tbl_PAI_CEPD[PAI_Active_Config],MATCH($A11,tbl_PAI_CEPD[NCES_ID],0)),0)","=IFERROR(INDEX(tbl_PAI_CEPD[PAI_Category],MATCH($A11,tbl_PAI_CEPD[NCES_ID],0)),"""")","=IFERROR(INDEX(tbl_PAI_Prosperity[PAI_Active_Config],MATCH($A11,tbl_PAI_Prosperity[NCES_ID],0)),0)","=IFERROR(INDEX(tbl_PAI_Prosperity[PAI_Category],MATCH($A11,tbl_PAI_Prosperity[NCES_ID],0)),"""")","=IFERROR(INDEX(tbl_PAI_Metropolitan[PAI_Active_Config],MATCH($A11,tbl_PAI_Metropolitan[NCES_ID],0)),0)","=IFERROR(INDEX(tbl_PAI_Metropolitan[PAI_Category],MATCH($A11,tbl_PAI_Metropolitan[NCES_ID],0)),"""")","=IFERROR(INDEX(tbl_PAI_Economic[PAI_Active_Config],MATCH($A11,tbl_PAI_Economic[NCES_ID],0)),0)","=IFERROR(INDEX(tbl_PAI_Economic[PAI_Category],MATCH($A11,tbl_PAI_Economic[NCES_ID],0)),"""")","=IFERROR(INDEX(tbl_PDER_Calculated[PDER],MATCH($A11,tbl_PDER_Calculated[NCES_ID],0)),0)","=IFERROR(INDEX(tbl_PDER_Calculated[PDER_Interpretation],MATCH($A11,tbl_PDER_Calculated[NCES_ID],0)),"""")",=Active_Toggle_District,=Active_Toggle_Wage,=Active_Toggle_OccCount,=Active_Toggle_TimeRef,"=IF(Active_Toggle_District=""All Districts"",""Yes"",IF(U11=""Yes"",""Yes"",""No""))","=IF(AO11=""No"",NA(),(O11-AVERAGEIF(AO:AO,""Yes"",O:O))/STDEV(IF(AO:AO=""Yes"",O:O)))","=IF(AO11=""No"",NA(),(Q11-AVERAGEIF(AO:AO,""Yes"",Q:Q))/STDEV(IF(AO:AO=""Yes"",Q:Q)))","=IF(AO11=""No"",NA(),(R11-AVERAGE(R:R))/STDEV.S(R:R))","=IF(AO11=""No"",NA(),(S11-AVERAGE(S:S))/STDEV.S(S:S))","=IF(AO11=""No"",NA(),(T11-AVERAGE(T:T))/STDEV.S(T:T))","=IF(AO11=""No"",NA(),(W11-AVERAGE(W:W))/STDEV.S(W:W))","=IF(Q11>=50,1,0)","=IF(T11<1,1,0)","=IF(S11>6,1,0)","=IF(W11>=MEDIAN(W:W),1,0)","=IF(W11<MEDIAN(W:W),1,0)","=IF(Y11>=MEDIAN(Y:Y),1,0)","=IF(Y11<MEDIAN(Y:Y),1,0)","=IF(AND(AI11>=0.8,AI11<=1.2),1,0)","=IF(AI11<0.8,1,0)","=IF(AI11>1.2,1,0)"
2608901,"=INDEX(tbl_Districts_Clean[District_Name],MATCH($A12,tbl_Districts_Clean[NCES_ID],0))","=INDEX(tbl_Districts_Clean[County],MATCH($A12,tbl_Districts_Clean[NCES_ID],0))","=INDEX(tbl_Districts_Clean[Locale_Code],MATCH($A12,tbl_Districts_Clean[NCES_ID],0))","=INDEX(tbl_Districts_Clean[Locale_Category],MATCH($A12,tbl_Districts_Clean[NCES_ID],0))","=INDEX(tbl_Districts_Clean[Locale_Label],MATCH($A12,tbl_Districts_Clean[NCES_ID],0))","=INDEX(tbl_Districts_Clean[CEPD_Region],MATCH($A12,tbl_Districts_Clean[NCES_ID],0))","=INDEX(tbl_Districts_Clean[Prosperity_Region],MATCH($A12,tbl_Districts_Clean[NCES_ID],0))","=INDEX(tbl_Districts_Clean[Metropolitan_Region],MATCH($A12,tbl_Districts_Clean[NCES_ID],0))","=INDEX(tbl_Districts_Clean[Economic_Region],MATCH($A12,tbl_Districts_Clean[NCES_ID],0))","=IF(E12=""City"",1,0)","=IF(E12=""Suburb"",1,0)","=IF(E12=""Town"",1,0)","=IF(E12=""Rural"",1,0)","=INDEX(tbl_Districts_Clean[Enrollment],MATCH($A12,tbl_Districts_Clean[NCES_ID],0))","=INDEX(tbl_Districts_Clean[FRL_Count],MATCH($A12,tbl_Districts_Clean[NCES_ID],0))","=INDEX(tbl_Districts_Clean[FRL_Percent],MATCH($A12,tbl_Districts_Clean[NCES_ID],0))","=IFERROR(INDEX(tbl_Control_Variables[Perkins_Funding],MATCH($A12,tbl_Control_Variables[NCES_ID],0)),0)","=IFERROR(INDEX(tbl_Control_Variables[Unemployment_Rate],MATCH($A12,tbl_Control_Variables[NCES_ID],0)),0)","=IFERROR(INDEX(tbl_Control_Variables[District_Wealth_Index],MATCH($A12,tbl_Control_Variables[NCES_ID],0)),0)","=INDEX(tbl_Districts_Clean[Has_CTE],MATCH($A12,tbl_Districts_Clean[NCES_ID],0))","=IFERROR(INDEX(tbl_OCQ_Calculated[Total_Programs],MATCH($A12,tbl_OCQ_Calculated[NCES_ID],0)),0)","=IFERROR(INDEX(tbl_OCQ_Calculated[OCQ],MATCH($A12,tbl_OCQ_Calculated[NCES_ID],0)),0)","=IFERROR(INDEX(tbl_OCQ_Calculated[OCQ_Category],MATCH($A12,tbl_OCQ_Calculated[NCES_ID],0)),"""")","=IFERROR(INDEX(tbl_PAI_County[PAI_Active_Config],MATCH($A12,tbl_PAI_County[NCES_ID],0)),0)","=IFERROR(INDEX(tbl_PAI_County[PAI_Category],MATCH($A12,tbl_PAI_County[NCES_ID],0)),"""")","=IFERROR(INDEX(tbl_PAI_CEPD[PAI_Active_Config],MATCH($A12,tbl_PAI_CEPD[NCES_ID],0)),0)","=IFERROR(INDEX(tbl_PAI_CEPD[PAI_Category],MATCH($A12,tbl_PAI_CEPD[NCES_ID],0)),"""")","=IFERROR(INDEX(tbl_PAI_Prosperity[PAI_Active_Config],MATCH($A12,tbl_PAI_Prosperity[NCES_ID],0)),0)","=IFERROR(INDEX(tbl_PAI_Prosperity[PAI_Category],MATCH($A12,tbl_PAI_Prosperity[NCES_ID],0)),"""")","=IFERROR(INDEX(tbl_PAI_Metropolitan[PAI_Active_Config],MATCH($A12,tbl_PAI_Metropolitan[NCES_ID],0)),0)","=IFERROR(INDEX(tbl_PAI_Metropolitan[PAI_Category],MATCH($A12,tbl_PAI_Metropolitan[NCES_ID],0)),"""")","=IFERROR(INDEX(tbl_PAI_Economic[PAI_Active_Config],MATCH($A12,tbl_PAI_Economic[NCES_ID],0)),0)","=IFERROR(INDEX(tbl_PAI_Economic[PAI_Category],MATCH($A12,tbl_PAI_Economic[NCES_ID],0)),"""")","=IFERROR(INDEX(tbl_PDER_Calculated[PDER],MATCH($A12,tbl_PDER_Calculated[NCES_ID],0)),0)","=IFERROR(INDEX(tbl_PDER_Calculated[PDER_Interpretation],MATCH($A12,tbl_PDER_Calculated[NCES_ID],0)),"""")",=Active_Toggle_District,=Active_Toggle_Wage,=Active_Toggle_OccCount,=Active_Toggle_TimeRef,"=IF(Active_Toggle_District=""All Districts"",""Yes"",IF(U12=""Yes"",""Yes"",""No""))","=IF(AO12=""No"",NA(),(O12-AVERAGEIF(AO:AO,""Yes"",O:O))/STDEV(IF(AO:AO=""Yes"",O:O)))","=IF(AO12=""No"",NA(),(Q12-AVERAGEIF(AO:AO,""Yes"",Q:Q))/STDEV(IF(AO:AO=""Yes"",Q:Q)))","=IF(AO12=""No"",NA(),(R12-AVERAGE(R:R))/STDEV.S(R:R))","=IF(AO12=""No"",NA(),(S12-AVERAGE(S:S))/STDEV.S(S:S))","=IF(AO12=""No"",NA(),(T12-AVERAGE(T:T))/STDEV.S(T:T))","=IF(AO12=""No"",NA(),(W12-AVERAGE(W:W))/STDEV.S(W:W))","=IF(Q12>=50,1,0)","=IF(T12<1,1,0)","=IF(S12>6,1,0)","=IF(W12>=MEDIAN(W:W),1,0)","=IF(W12<MEDIAN(W:W),1,0)","=IF(Y12>=MEDIAN(Y:Y),1,0)","=IF(Y12<MEDIAN(Y:Y),1,0)","=IF(AND(AI12>=0.8,AI12<=1.2),1,0)","=IF(AI12<0.8,1,0)","=IF(AI12>1.2,1,0)"
2600234,"=INDEX(tbl_Districts_Clean[District_Name],MATCH($A13,tbl_Districts_Clean[NCES_ID],0))","=INDEX(tbl_Districts_Clean[County],MATCH($A13,tbl_Districts_Clean[NCES_ID],0))","=INDEX(tbl_Districts_Clean[Locale_Code],MATCH($A13,tbl_Districts_Clean[NCES_ID],0))","=INDEX(tbl_Districts_Clean[Locale_Category],MATCH($A13,tbl_Districts_Clean[NCES_ID],0))","=INDEX(tbl_Districts_Clean[Locale_Label],MATCH($A13,tbl_Districts_Clean[NCES_ID],0))","=INDEX(tbl_Districts_Clean[CEPD_Region],MATCH($A13,tbl_Districts_Clean[NCES_ID],0))","=INDEX(tbl_Districts_Clean[Prosperity_Region],MATCH($A13,tbl_Districts_Clean[NCES_ID],0))","=INDEX(tbl_Districts_Clean[Metropolitan_Region],MATCH($A13,tbl_Districts_Clean[NCES_ID],0))","=INDEX(tbl_Districts_Clean[Economic_Region],MATCH($A13,tbl_Districts_Clean[NCES_ID],0))","=IF(E13=""City"",1,0)","=IF(E13=""Suburb"",1,0)","=IF(E13=""Town"",1,0)","=IF(E13=""Rural"",1,0)","=INDEX(tbl_Districts_Clean[Enrollment],MATCH($A13,tbl_Districts_Clean[NCES_ID],0))","=INDEX(tbl_Districts_Clean[FRL_Count],MATCH($A13,tbl_Districts_Clean[NCES_ID],0))","=INDEX(tbl_Districts_Clean[FRL_Percent],MATCH($A13,tbl_Districts_Clean[NCES_ID],0))","=IFERROR(INDEX(tbl_Control_Variables[Perkins_Funding],MATCH($A13,tbl_Control_Variables[NCES_ID],0)),0)","=IFERROR(INDEX(tbl_Control_Variables[Unemployment_Rate],MATCH($A13,tbl_Control_Variables[NCES_ID],0)),0)","=IFERROR(INDEX(tbl_Control_Variables[District_Wealth_Index],MATCH($A13,tbl_Control_Variables[NCES_ID],0)),0)","=INDEX(tbl_Districts_Clean[Has_CTE],MATCH($A13,tbl_Districts_Clean[NCES_ID],0))","=IFERROR(INDEX(tbl_OCQ_Calculated[Total_Programs],MATCH($A13,tbl_OCQ_Calculated[NCES_ID],0)),0)","=IFERROR(INDEX(tbl_OCQ_Calculated[OCQ],MATCH($A13,tbl_OCQ_Calculated[NCES_ID],0)),0)","=IFERROR(INDEX(tbl_OCQ_Calculated[OCQ_Category],MATCH($A13,tbl_OCQ_Calculated[NCES_ID],0)),"""")","=IFERROR(INDEX(tbl_PAI_County[PAI_Active_Config],MATCH($A13,tbl_PAI_County[NCES_ID],0)),0)","=IFERROR(INDEX(tbl_PAI_County[PAI_Category],MATCH($A13,tbl_PAI_County[NCES_ID],0)),"""")","=IFERROR(INDEX(tbl_PAI_CEPD[PAI_Active_Config],MATCH($A13,tbl_PAI_CEPD[NCES_ID],0)),0)","=IFERROR(INDEX(tbl_PAI_CEPD[PAI_Category],MATCH($A13,tbl_PAI_CEPD[NCES_ID],0)),"""")","=IFERROR(INDEX(tbl_PAI_Prosperity[PAI_Active_Config],MATCH($A13,tbl_PAI_Prosperity[NCES_ID],0)),0)","=IFERROR(INDEX(tbl_PAI_Prosperity[PAI_Category],MATCH($A13,tbl_PAI_Prosperity[NCES_ID],0)),"""")","=IFERROR(INDEX(tbl_PAI_Metropolitan[PAI_Active_Config],MATCH($A13,tbl_PAI_Metropolitan[NCES_ID],0)),0)","=IFERROR(INDEX(tbl_PAI_Metropolitan[PAI_Category],MATCH($A13,tbl_PAI_Metropolitan[NCES_ID],0)),"""")","=IFERROR(INDEX(tbl_PAI_Economic[PAI_Active_Config],MATCH($A13,tbl_PAI_Economic[NCES_ID],0)),0)","=IFERROR(INDEX(tbl_PAI_Economic[PAI_Category],MATCH($A13,tbl_PAI_Economic[NCES_ID],0)),"""")","=IFERROR(INDEX(tbl_PDER_Calculated[PDER],MATCH($A13,tbl_PDER_Calculated[NCES_ID],0)),0)","=IFERROR(INDEX(tbl_PDER_Calculated[PDER_Interpretation],MATCH($A13,tbl_PDER_Calculated[NCES_ID],0)),"""")",=Active_Toggle_District,=Active_Toggle_Wage,=Active_Toggle_OccCount,=Active_Toggle_TimeRef,"=IF(Active_Toggle_District=""All Districts"",""Yes"",IF(U13=""Yes"",""Yes"",""No""))","=IF(AO13=""No"",NA(),(O13-AVERAGEIF(AO:AO,""Yes"",O:O))/STDEV(IF(AO:AO=""Yes"",O:O)))","=IF(AO13=""No"",NA(),(Q13-AVERAGEIF(AO:AO,""Yes"",Q:Q))/STDEV(IF(AO:AO=""Yes"",Q:Q)))","=IF(AO13=""No"",NA(),(R13-AVERAGE(R:R))/STDEV.S(R:R))","=IF(AO13=""No"",NA(),(S13-AVERAGE(S:S))/STDEV.S(S:S))","=IF(AO13=""No"",NA(),(T13-AVERAGE(T:T))/STDEV.S(T:T))","=IF(AO13=""No"",NA(),(W13-AVERAGE(W:W))/STDEV.S(W:W))","=IF(Q13>=50,1,0)","=IF(T13<1,1,0)","=IF(S13>6,1,0)","=IF(W13>=MEDIAN(W:W),1,0)","=IF(W13<MEDIAN(W:W),1,0)","=IF(Y13>=MEDIAN(Y:Y),1,0)","=IF(Y13<MEDIAN(Y:Y),1,0)","=IF(AND(AI13>=0.8,AI13<=1.2),1,0)","=IF(AI13<0.8,1,0)","=IF(AI13>1.2,1,0)"
2601345,"=INDEX(tbl_Districts_Clean[District_Name],MATCH($A14,tbl_Districts_Clean[NCES_ID],0))","=INDEX(tbl_Districts_Clean[County],MATCH($A14,tbl_Districts_Clean[NCES_ID],0))","=INDEX(tbl_Districts_Clean[Locale_Code],MATCH($A14,tbl_Districts_Clean[NCES_ID],0))","=INDEX(tbl_Districts_Clean[Locale_Category],MATCH($A14,tbl_Districts_Clean[NCES_ID],0))","=INDEX(tbl_Districts_Clean[Locale_Label],MATCH($A14,tbl_Districts_Clean[NCES_ID],0))","=INDEX(tbl_Districts_Clean[CEPD_Region],MATCH($A14,tbl_Districts_Clean[NCES_ID],0))","=INDEX(tbl_Districts_Clean[Prosperity_Region],MATCH($A14,tbl_Districts_Clean[NCES_ID],0))","=INDEX(tbl_Districts_Clean[Metropolitan_Region],MATCH($A14,tbl_Districts_Clean[NCES_ID],0))","=INDEX(tbl_Districts_Clean[Economic_Region],MATCH($A14,tbl_Districts_Clean[NCES_ID],0))","=IF(E14=""City"",1,0)","=IF(E14=""Suburb"",1,0)","=IF(E14=""Town"",1,0)","=IF(E14=""Rural"",1,0)","=INDEX(tbl_Districts_Clean[Enrollment],MATCH($A14,tbl_Districts_Clean[NCES_ID],0))","=INDEX(tbl_Districts_Clean[FRL_Count],MATCH($A14,tbl_Districts_Clean[NCES_ID],0))","=INDEX(tbl_Districts_Clean[FRL_Percent],MATCH($A14,tbl_Districts_Clean[NCES_ID],0))","=IFERROR(INDEX(tbl_Control_Variables[Perkins_Funding],MATCH($A14,tbl_Control_Variables[NCES_ID],0)),0)","=IFERROR(INDEX(tbl_Control_Variables[Unemployment_Rate],MATCH($A14,tbl_Control_Variables[NCES_ID],0)),0)","=IFERROR(INDEX(tbl_Control_Variables[District_Wealth_Index],MATCH($A14,tbl_Control_Variables[NCES_ID],0)),0)","=INDEX(tbl_Districts_Clean[Has_CTE],MATCH($A14,tbl_Districts_Clean[NCES_ID],0))","=IFERROR(INDEX(tbl_OCQ_Calculated[Total_Programs],MATCH($A14,tbl_OCQ_Calculated[NCES_ID],0)),0)","=IFERROR(INDEX(tbl_OCQ_Calculated[OCQ],MATCH($A14,tbl_OCQ_Calculated[NCES_ID],0)),0)","=IFERROR(INDEX(tbl_OCQ_Calculated[OCQ_Category],MATCH($A14,tbl_OCQ_Calculated[NCES_ID],0)),"""")","=IFERROR(INDEX(tbl_PAI_County[PAI_Active_Config],MATCH($A14,tbl_PAI_County[NCES_ID],0)),0)","=IFERROR(INDEX(tbl_PAI_County[PAI_Category],MATCH($A14,tbl_PAI_County[NCES_ID],0)),"""")","=IFERROR(INDEX(tbl_PAI_CEPD[PAI_Active_Config],MATCH($A14,tbl_PAI_CEPD[NCES_ID],0)),0)","=IFERROR(INDEX(tbl_PAI_CEPD[PAI_Category],MATCH($A14,tbl_PAI_CEPD[NCES_ID],0)),"""")","=IFERROR(INDEX(tbl_PAI_Prosperity[PAI_Active_Config],MATCH($A14,tbl_PAI_Prosperity[NCES_ID],0)),0)","=IFERROR(INDEX(tbl_PAI_Prosperity[PAI_Category],MATCH($A14,tbl_PAI_Prosperity[NCES_ID],0)),"""")","=IFERROR(INDEX(tbl_PAI_Metropolitan[PAI_Active_Config],MATCH($A14,tbl_PAI_Metropolitan[NCES_ID],0)),0)","=IFERROR(INDEX(tbl_PAI_Metropolitan[PAI_Category],MATCH($A14,tbl_PAI_Metropolitan[NCES_ID],0)),"""")","=IFERROR(INDEX(tbl_PAI_Economic[PAI_Active_Config],MATCH($A14,tbl_PAI_Economic[NCES_ID],0)),0)","=IFERROR(INDEX(tbl_PAI_Economic[PAI_Category],MATCH($A14,tbl_PAI_Economic[NCES_ID],0)),"""")","=IFERROR(INDEX(tbl_PDER_Calculated[PDER],MATCH($A14,tbl_PDER_Calculated[NCES_ID],0)),0)","=IFERROR(INDEX(tbl_PDER_Calculated[PDER_Interpretation],MATCH($A14,tbl_PDER_Calculated[NCES_ID],0)),"""")",=Active_Toggle_District,=Active_Toggle_Wage,=Active_Toggle_OccCount,=Active_Toggle_TimeRef,"=IF(Active_Toggle_District=""All Districts"",""Yes"",IF(U14=""Yes"",""Yes"",""No""))","=IF(AO14=""No"",NA(),(O14-AVERAGEIF(AO:AO,""Yes"",O:O))/STDEV(IF(AO:AO=""Yes"",O:O)))","=IF(AO14=""No"",NA(),(Q14-AVERAGEIF(AO:AO,""Yes"",Q:Q))/STDEV(IF(AO:AO=""Yes"",Q:Q)))","=IF(AO14=""No"",NA(),(R14-AVERAGE(R:R))/STDEV.S(R:R))","=IF(AO14=""No"",NA(),(S14-AVERAGE(S:S))/STDEV.S(S:S))","=IF(AO14=""No"",NA(),(T14-AVERAGE(T:T))/STDEV.S(T:T))","=IF(AO14=""No"",NA(),(W14-AVERAGE(W:W))/STDEV.S(W:W))","=IF(Q14>=50,1,0)","=IF(T14<1,1,0)","=IF(S14>6,1,0)","=IF(W14>=MEDIAN(W:W),1,0)","=IF(W14<MEDIAN(W:W),1,0)","=IF(Y14>=MEDIAN(Y:Y),1,0)","=IF(Y14<MEDIAN(Y:Y),1,0)","=IF(AND(AI14>=0.8,AI14<=1.2),1,0)","=IF(AI14<0.8,1,0)","=IF(AI14>1.2,1,0)"
