NCES_ID,District_Name,Total_Programs,Aligned_110_Top15_Current,Aligned_110_Top15_10yr,Aligned_110_Top20_Current,Aligned_110_Top20_10yr,Aligned_120_Top15_Current,Aligned_120_Top15_10yr,Aligned_120_Top20_Current,Aligned_120_Top20_10yr,Aligned_130_Top15_Current,Aligned_130_Top15_10yr,Aligned_130_Top20_Current,Aligned_130_Top20_10yr,PAI_Active_Config,PAI_Category
2600010,Detroit Public Schools,"=SUMIFS(tbl_Programs_Fractional[Fractional_Credit],tbl_Programs_Fractional[NCES_ID],A2)","=SUMIFS(tbl_Helper_County[Fractional_Credit],tbl_Helper_County[NCES_ID],A2,tbl_Helper_County[Aligned_110_Top15_Current],""Yes"")","=SUMIFS(tbl_Helper_County[Fractional_Credit],tbl_Helper_County[NCES_ID],A2,tbl_Helper_County[Aligned_110_Top15_10yr],""Yes"")","=SUMIFS(tbl_Helper_County[Fractional_Credit],tbl_Helper_County[NCES_ID],A2,tbl_Helper_County[Aligned_110_Top20_Current],""Yes"")","=SUMIFS(tbl_Helper_County[Fractional_Credit],tbl_Helper_County[NCES_ID],A2,tbl_Helper_County[Aligned_110_Top20_10yr],""Yes"")","=SUMIFS(tbl_Helper_County[Fractional_Credit],tbl_Helper_County[NCES_ID],A2,tbl_Helper_County[Aligned_120_Top15_Current],""Yes"")","=SUMIFS(tbl_Helper_County[Fractional_Credit],tbl_Helper_County[NCES_ID],A2,tbl_Helper_County[Aligned_120_Top15_10yr],""Yes"")","=SUMIFS(tbl_Helper_County[Fractional_Credit],tbl_Helper_County[NCES_ID],A2,tbl_Helper_County[Aligned_120_Top20_Current],""Yes"")","=SUMIFS(tbl_Helper_County[Fractional_Credit],tbl_Helper_County[NCES_ID],A2,tbl_Helper_County[Aligned_120_Top20_10yr],""Yes"")","=SUMIFS(tbl_Helper_County[Fractional_Credit],tbl_Helper_County[NCES_ID],A2,tbl_Helper_County[Aligned_130_Top15_Current],""Yes"")","=SUMIFS(tbl_Helper_County[Fractional_Credit],tbl_Helper_County[NCES_ID],A2,tbl_Helper_County[Aligned_130_Top15_10yr],""Yes"")","=SUMIFS(tbl_Helper_County[Fractional_Credit],tbl_Helper_County[NCES_ID],A2,tbl_Helper_County[Aligned_130_Top20_Current],""Yes"")","=SUMIFS(tbl_Helper_County[Fractional_Credit],tbl_Helper_County[NCES_ID],A2,tbl_Helper_County[Aligned_130_Top20_10yr],""Yes"")","=IF(C2=0,0,
IF(AND(Active_Toggle_Wage=""110%"",Active_Toggle_OccCount=""Top 15"",Active_Toggle_TimeRef=""Current""),D2/C2*100,
IF(AND(Active_Toggle_Wage=""110%"",Active_Toggle_OccCount=""Top 15"",Active_Toggle_TimeRef=""10-Year Projection""),E2/C2*100,
IF(AND(Active_Toggle_Wage=""110%"",Active_Toggle_OccCount=""Top 20"",Active_Toggle_TimeRef=""Current""),F2/C2*100,
IF(AND(Active_Toggle_Wage=""110%"",Active_Toggle_OccCount=""Top 20"",Active_Toggle_TimeRef=""10-Year Projection""),G2/C2*100,
IF(AND(Active_Toggle_Wage=""120%"",Active_Toggle_OccCount=""Top 15"",Active_Toggle_TimeRef=""Current""),H2/C2*100,
IF(AND(Active_Toggle_Wage=""120%"",Active_Toggle_OccCount=""Top 15"",Active_Toggle_TimeRef=""10-Year Projection""),I2/C2*100,
IF(AND(Active_Toggle_Wage=""120%"",Active_Toggle_OccCount=""Top 20"",Active_Toggle_TimeRef=""Current""),J2/C2*100,
IF(AND(Active_Toggle_Wage=""120%"",Active_Toggle_OccCount=""Top 20"",Active_Toggle_TimeRef=""10-Year Projection""),K2/C2*100,
IF(AND(Active_Toggle_Wage=""130%"",Active_Toggle_OccCount=""Top 15"",Active_Toggle_TimeRef=""Current""),L2/C2*100,
IF(AND(Active_Toggle_Wage=""130%"",Active_Toggle_OccCount=""Top 15"",Active_Toggle_TimeRef=""10-Year Projection""),M2/C2*100,
IF(AND(Active_Toggle_Wage=""130%"",Active_Toggle_OccCount=""Top 20"",Active_Toggle_TimeRef=""Current""),N2/C2*100,
IF(AND(Active_Toggle_Wage=""130%"",Active_Toggle_OccCount=""Top 20"",Active_Toggle_TimeRef=""10-Year Projection""),O2/C2*100,
0)))))))))))))","=IFS(P2=0,""No Alignment"",P2<25,""Low (<25%)"",P2<50,""Moderate (25-50%)"",P2<75,""Good (50-75%)"",TRUE,""Excellent (≥75%)"")"
2600020,Ann Arbor Public Schools,"=SUMIFS(tbl_Programs_Fractional[Fractional_Credit],tbl_Programs_Fractional[NCES_ID],A3)","=SUMIFS(tbl_Helper_County[Fractional_Credit],tbl_Helper_County[NCES_ID],A3,tbl_Helper_County[Aligned_110_Top15_Current],""Yes"")","=SUMIFS(tbl_Helper_County[Fractional_Credit],tbl_Helper_County[NCES_ID],A3,tbl_Helper_County[Aligned_110_Top15_10yr],""Yes"")","=SUMIFS(tbl_Helper_County[Fractional_Credit],tbl_Helper_County[NCES_ID],A3,tbl_Helper_County[Aligned_110_Top20_Current],""Yes"")","=SUMIFS(tbl_Helper_County[Fractional_Credit],tbl_Helper_County[NCES_ID],A3,tbl_Helper_County[Aligned_110_Top20_10yr],""Yes"")","=SUMIFS(tbl_Helper_County[Fractional_Credit],tbl_Helper_County[NCES_ID],A3,tbl_Helper_County[Aligned_120_Top15_Current],""Yes"")","=SUMIFS(tbl_Helper_County[Fractional_Credit],tbl_Helper_County[NCES_ID],A3,tbl_Helper_County[Aligned_120_Top15_10yr],""Yes"")","=SUMIFS(tbl_Helper_County[Fractional_Credit],tbl_Helper_County[NCES_ID],A3,tbl_Helper_County[Aligned_120_Top20_Current],""Yes"")","=SUMIFS(tbl_Helper_County[Fractional_Credit],tbl_Helper_County[NCES_ID],A3,tbl_Helper_County[Aligned_120_Top20_10yr],""Yes"")","=SUMIFS(tbl_Helper_County[Fractional_Credit],tbl_Helper_County[NCES_ID],A3,tbl_Helper_County[Aligned_130_Top15_Current],""Yes"")","=SUMIFS(tbl_Helper_County[Fractional_Credit],tbl_Helper_County[NCES_ID],A3,tbl_Helper_County[Aligned_130_Top15_10yr],""Yes"")","=SUMIFS(tbl_Helper_County[Fractional_Credit],tbl_Helper_County[NCES_ID],A3,tbl_Helper_County[Aligned_130_Top20_Current],""Yes"")","=SUMIFS(tbl_Helper_County[Fractional_Credit],tbl_Helper_County[NCES_ID],A3,tbl_Helper_County[Aligned_130_Top20_10yr],""Yes"")","=IF(C3=0,0,
IF(AND(Active_Toggle_Wage=""110%"",Active_Toggle_OccCount=""Top 15"",Active_Toggle_TimeRef=""Current""),D3/C3*100,
IF(AND(Active_Toggle_Wage=""110%"",Active_Toggle_OccCount=""Top 15"",Active_Toggle_TimeRef=""10-Year Projection""),E3/C3*100,
IF(AND(Active_Toggle_Wage=""110%"",Active_Toggle_OccCount=""Top 20"",Active_Toggle_TimeRef=""Current""),F3/C3*100,
IF(AND(Active_Toggle_Wage=""110%"",Active_Toggle_OccCount=""Top 20"",Active_Toggle_TimeRef=""10-Year Projection""),G3/C3*100,
IF(AND(Active_Toggle_Wage=""120%"",Active_Toggle_OccCount=""Top 15"",Active_Toggle_TimeRef=""Current""),H3/C3*100,
IF(AND(Active_Toggle_Wage=""120%"",Active_Toggle_OccCount=""Top 15"",Active_Toggle_TimeRef=""10-Year Projection""),I3/C3*100,
IF(AND(Active_Toggle_Wage=""120%"",Active_Toggle_OccCount=""Top 20"",Active_Toggle_TimeRef=""Current""),J3/C3*100,
IF(AND(Active_Toggle_Wage=""120%"",Active_Toggle_OccCount=""Top 20"",Active_Toggle_TimeRef=""10-Year Projection""),K3/C3*100,
IF(AND(Active_Toggle_Wage=""130%"",Active_Toggle_OccCount=""Top 15"",Active_Toggle_TimeRef=""Current""),L3/C3*100,
IF(AND(Active_Toggle_Wage=""130%"",Active_Toggle_OccCount=""Top 15"",Active_Toggle_TimeRef=""10-Year Projection""),M3/C3*100,
IF(AND(Active_Toggle_Wage=""130%"",Active_Toggle_OccCount=""Top 20"",Active_Toggle_TimeRef=""Current""),N3/C3*100,
IF(AND(Active_Toggle_Wage=""130%"",Active_Toggle_OccCount=""Top 20"",Active_Toggle_TimeRef=""10-Year Projection""),O3/C3*100,
0)))))))))))))","=IFS(P3=0,""No Alignment"",P3<25,""Low (<25%)"",P3<50,""Moderate (25-50%)"",P3<75,""Good (50-75%)"",TRUE,""Excellent (≥75%)"")"
2601234,Traverse City Area PS,"=SUMIFS(tbl_Programs_Fractional[Fractional_Credit],tbl_Programs_Fractional[NCES_ID],A4)","=SUMIFS(tbl_Helper_County[Fractional_Credit],tbl_Helper_County[NCES_ID],A4,tbl_Helper_County[Aligned_110_Top15_Current],""Yes"")","=SUMIFS(tbl_Helper_County[Fractional_Credit],tbl_Helper_County[NCES_ID],A4,tbl_Helper_County[Aligned_110_Top15_10yr],""Yes"")","=SUMIFS(tbl_Helper_County[Fractional_Credit],tbl_Helper_County[NCES_ID],A4,tbl_Helper_County[Aligned_110_Top20_Current],""Yes"")","=SUMIFS(tbl_Helper_County[Fractional_Credit],tbl_Helper_County[NCES_ID],A4,tbl_Helper_County[Aligned_110_Top20_10yr],""Yes"")","=SUMIFS(tbl_Helper_County[Fractional_Credit],tbl_Helper_County[NCES_ID],A4,tbl_Helper_County[Aligned_120_Top15_Current],""Yes"")","=SUMIFS(tbl_Helper_County[Fractional_Credit],tbl_Helper_County[NCES_ID],A4,tbl_Helper_County[Aligned_120_Top15_10yr],""Yes"")","=SUMIFS(tbl_Helper_County[Fractional_Credit],tbl_Helper_County[NCES_ID],A4,tbl_Helper_County[Aligned_120_Top20_Current],""Yes"")","=SUMIFS(tbl_Helper_County[Fractional_Credit],tbl_Helper_County[NCES_ID],A4,tbl_Helper_County[Aligned_120_Top20_10yr],""Yes"")","=SUMIFS(tbl_Helper_County[Fractional_Credit],tbl_Helper_County[NCES_ID],A4,tbl_Helper_County[Aligned_130_Top15_Current],""Yes"")","=SUMIFS(tbl_Helper_County[Fractional_Credit],tbl_Helper_County[NCES_ID],A4,tbl_Helper_County[Aligned_130_Top15_10yr],""Yes"")","=SUMIFS(tbl_Helper_County[Fractional_Credit],tbl_Helper_County[NCES_ID],A4,tbl_Helper_County[Aligned_130_Top20_Current],""Yes"")","=SUMIFS(tbl_Helper_County[Fractional_Credit],tbl_Helper_County[NCES_ID],A4,tbl_Helper_County[Aligned_130_Top20_10yr],""Yes"")","=IF(C4=0,0,
IF(AND(Active_Toggle_Wage=""110%"",Active_Toggle_OccCount=""Top 15"",Active_Toggle_TimeRef=""Current""),D4/C4*100,
IF(AND(Active_Toggle_Wage=""110%"",Active_Toggle_OccCount=""Top 15"",Active_Toggle_TimeRef=""10-Year Projection""),E4/C4*100,
IF(AND(Active_Toggle_Wage=""110%"",Active_Toggle_OccCount=""Top 20"",Active_Toggle_TimeRef=""Current""),F4/C4*100,
IF(AND(Active_Toggle_Wage=""110%"",Active_Toggle_OccCount=""Top 20"",Active_Toggle_TimeRef=""10-Year Projection""),G4/C4*100,
IF(AND(Active_Toggle_Wage=""120%"",Active_Toggle_OccCount=""Top 15"",Active_Toggle_TimeRef=""Current""),H4/C4*100,
IF(AND(Active_Toggle_Wage=""120%"",Active_Toggle_OccCount=""Top 15"",Active_Toggle_TimeRef=""10-Year Projection""),I4/C4*100,
IF(AND(Active_Toggle_Wage=""120%"",Active_Toggle_OccCount=""Top 20"",Active_Toggle_TimeRef=""Current""),J4/C4*100,
IF(AND(Active_Toggle_Wage=""120%"",Active_Toggle_OccCount=""Top 20"",Active_Toggle_TimeRef=""10-Year Projection""),K4/C4*100,
IF(AND(Active_Toggle_Wage=""130%"",Active_Toggle_OccCount=""Top 15"",Active_Toggle_TimeRef=""Current""),L4/C4*100,
IF(AND(Active_Toggle_Wage=""130%"",Active_Toggle_OccCount=""Top 15"",Active_Toggle_TimeRef=""10-Year Projection""),M4/C4*100,
IF(AND(Active_Toggle_Wage=""130%"",Active_Toggle_OccCount=""Top 20"",Active_Toggle_TimeRef=""Current""),N4/C4*100,
IF(AND(Active_Toggle_Wage=""130%"",Active_Toggle_OccCount=""Top 20"",Active_Toggle_TimeRef=""10-Year Projection""),O4/C4*100,
0)))))))))))))","=IFS(P4=0,""No Alignment"",P4<25,""Low (<25%)"",P4<50,""Moderate (25-50%)"",P4<75,""Good (50-75%)"",TRUE,""Excellent (≥75%)"")"
2605678,Frankenmuth School District,"=SUMIFS(tbl_Programs_Fractional[Fractional_Credit],tbl_Programs_Fractional[NCES_ID],A5)","=SUMIFS(tbl_Helper_County[Fractional_Credit],tbl_Helper_County[NCES_ID],A5,tbl_Helper_County[Aligned_110_Top15_Current],""Yes"")","=SUMIFS(tbl_Helper_County[Fractional_Credit],tbl_Helper_County[NCES_ID],A5,tbl_Helper_County[Aligned_110_Top15_10yr],""Yes"")","=SUMIFS(tbl_Helper_County[Fractional_Credit],tbl_Helper_County[NCES_ID],A5,tbl_Helper_County[Aligned_110_Top20_Current],""Yes"")","=SUMIFS(tbl_Helper_County[Fractional_Credit],tbl_Helper_County[NCES_ID],A5,tbl_Helper_County[Aligned_110_Top20_10yr],""Yes"")","=SUMIFS(tbl_Helper_County[Fractional_Credit],tbl_Helper_County[NCES_ID],A5,tbl_Helper_County[Aligned_120_Top15_Current],""Yes"")","=SUMIFS(tbl_Helper_County[Fractional_Credit],tbl_Helper_County[NCES_ID],A5,tbl_Helper_County[Aligned_120_Top15_10yr],""Yes"")","=SUMIFS(tbl_Helper_County[Fractional_Credit],tbl_Helper_County[NCES_ID],A5,tbl_Helper_County[Aligned_120_Top20_Current],""Yes"")","=SUMIFS(tbl_Helper_County[Fractional_Credit],tbl_Helper_County[NCES_ID],A5,tbl_Helper_County[Aligned_120_Top20_10yr],""Yes"")","=SUMIFS(tbl_Helper_County[Fractional_Credit],tbl_Helper_County[NCES_ID],A5,tbl_Helper_County[Aligned_130_Top15_Current],""Yes"")","=SUMIFS(tbl_Helper_County[Fractional_Credit],tbl_Helper_County[NCES_ID],A5,tbl_Helper_County[Aligned_130_Top15_10yr],""Yes"")","=SUMIFS(tbl_Helper_County[Fractional_Credit],tbl_Helper_County[NCES_ID],A5,tbl_Helper_County[Aligned_130_Top20_Current],""Yes"")","=SUMIFS(tbl_Helper_County[Fractional_Credit],tbl_Helper_County[NCES_ID],A5,tbl_Helper_County[Aligned_130_Top20_10yr],""Yes"")","=IF(C5=0,0,
IF(AND(Active_Toggle_Wage=""110%"",Active_Toggle_OccCount=""Top 15"",Active_Toggle_TimeRef=""Current""),D5/C5*100,
IF(AND(Active_Toggle_Wage=""110%"",Active_Toggle_OccCount=""Top 15"",Active_Toggle_TimeRef=""10-Year Projection""),E5/C5*100,
IF(AND(Active_Toggle_Wage=""110%"",Active_Toggle_OccCount=""Top 20"",Active_Toggle_TimeRef=""Current""),F5/C5*100,
IF(AND(Active_Toggle_Wage=""110%"",Active_Toggle_OccCount=""Top 20"",Active_Toggle_TimeRef=""10-Year Projection""),G5/C5*100,
IF(AND(Active_Toggle_Wage=""120%"",Active_Toggle_OccCount=""Top 15"",Active_Toggle_TimeRef=""Current""),H5/C5*100,
IF(AND(Active_Toggle_Wage=""120%"",Active_Toggle_OccCount=""Top 15"",Active_Toggle_TimeRef=""10-Year Projection""),I5/C5*100,
IF(AND(Active_Toggle_Wage=""120%"",Active_Toggle_OccCount=""Top 20"",Active_Toggle_TimeRef=""Current""),J5/C5*100,
IF(AND(Active_Toggle_Wage=""120%"",Active_Toggle_OccCount=""Top 20"",Active_Toggle_TimeRef=""10-Year Projection""),K5/C5*100,
IF(AND(Active_Toggle_Wage=""130%"",Active_Toggle_OccCount=""Top 15"",Active_Toggle_TimeRef=""Current""),L5/C5*100,
IF(AND(Active_Toggle_Wage=""130%"",Active_Toggle_OccCount=""Top 15"",Active_Toggle_TimeRef=""10-Year Projection""),M5/C5*100,
IF(AND(Active_Toggle_Wage=""130%"",Active_Toggle_OccCount=""Top 20"",Active_Toggle_TimeRef=""Current""),N5/C5*100,
IF(AND(Active_Toggle_Wage=""130%"",Active_Toggle_OccCount=""Top 20"",Active_Toggle_TimeRef=""10-Year Projection""),O5/C5*100,
0)))))))))))))","=IFS(P5=0,""No Alignment"",P5<25,""Low (<25%)"",P5<50,""Moderate (25-50%)"",P5<75,""Good (50-75%)"",TRUE,""Excellent (≥75%)"")"
2609876,Onaway Area Community SD,"=SUMIFS(tbl_Programs_Fractional[Fractional_Credit],tbl_Programs_Fractional[NCES_ID],A6)","=SUMIFS(tbl_Helper_County[Fractional_Credit],tbl_Helper_County[NCES_ID],A6,tbl_Helper_County[Aligned_110_Top15_Current],""Yes"")","=SUMIFS(tbl_Helper_County[Fractional_Credit],tbl_Helper_County[NCES_ID],A6,tbl_Helper_County[Aligned_110_Top15_10yr],""Yes"")","=SUMIFS(tbl_Helper_County[Fractional_Credit],tbl_Helper_County[NCES_ID],A6,tbl_Helper_County[Aligned_110_Top20_Current],""Yes"")","=SUMIFS(tbl_Helper_County[Fractional_Credit],tbl_Helper_County[NCES_ID],A6,tbl_Helper_County[Aligned_110_Top20_10yr],""Yes"")","=SUMIFS(tbl_Helper_County[Fractional_Credit],tbl_Helper_County[NCES_ID],A6,tbl_Helper_County[Aligned_120_Top15_Current],""Yes"")","=SUMIFS(tbl_Helper_County[Fractional_Credit],tbl_Helper_County[NCES_ID],A6,tbl_Helper_County[Aligned_120_Top15_10yr],""Yes"")","=SUMIFS(tbl_Helper_County[Fractional_Credit],tbl_Helper_County[NCES_ID],A6,tbl_Helper_County[Aligned_120_Top20_Current],""Yes"")","=SUMIFS(tbl_Helper_County[Fractional_Credit],tbl_Helper_County[NCES_ID],A6,tbl_Helper_County[Aligned_120_Top20_10yr],""Yes"")","=SUMIFS(tbl_Helper_County[Fractional_Credit],tbl_Helper_County[NCES_ID],A6,tbl_Helper_County[Aligned_130_Top15_Current],""Yes"")","=SUMIFS(tbl_Helper_County[Fractional_Credit],tbl_Helper_County[NCES_ID],A6,tbl_Helper_County[Aligned_130_Top15_10yr],""Yes"")","=SUMIFS(tbl_Helper_County[Fractional_Credit],tbl_Helper_County[NCES_ID],A6,tbl_Helper_County[Aligned_130_Top20_Current],""Yes"")","=SUMIFS(tbl_Helper_County[Fractional_Credit],tbl_Helper_County[NCES_ID],A6,tbl_Helper_County[Aligned_130_Top20_10yr],""Yes"")","=IF(C6=0,0,
IF(AND(Active_Toggle_Wage=""110%"",Active_Toggle_OccCount=""Top 15"",Active_Toggle_TimeRef=""Current""),D6/C6*100,
IF(AND(Active_Toggle_Wage=""110%"",Active_Toggle_OccCount=""Top 15"",Active_Toggle_TimeRef=""10-Year Projection""),E6/C6*100,
IF(AND(Active_Toggle_Wage=""110%"",Active_Toggle_OccCount=""Top 20"",Active_Toggle_TimeRef=""Current""),F6/C6*100,
IF(AND(Active_Toggle_Wage=""110%"",Active_Toggle_OccCount=""Top 20"",Active_Toggle_TimeRef=""10-Year Projection""),G6/C6*100,
IF(AND(Active_Toggle_Wage=""120%"",Active_Toggle_OccCount=""Top 15"",Active_Toggle_TimeRef=""Current""),H6/C6*100,
IF(AND(Active_Toggle_Wage=""120%"",Active_Toggle_OccCount=""Top 15"",Active_Toggle_TimeRef=""10-Year Projection""),I6/C6*100,
IF(AND(Active_Toggle_Wage=""120%"",Active_Toggle_OccCount=""Top 20"",Active_Toggle_TimeRef=""Current""),J6/C6*100,
IF(AND(Active_Toggle_Wage=""120%"",Active_Toggle_OccCount=""Top 20"",Active_Toggle_TimeRef=""10-Year Projection""),K6/C6*100,
IF(AND(Active_Toggle_Wage=""130%"",Active_Toggle_OccCount=""Top 15"",Active_Toggle_TimeRef=""Current""),L6/C6*100,
IF(AND(Active_Toggle_Wage=""130%"",Active_Toggle_OccCount=""Top 15"",Active_Toggle_TimeRef=""10-Year Projection""),M6/C6*100,
IF(AND(Active_Toggle_Wage=""130%"",Active_Toggle_OccCount=""Top 20"",Active_Toggle_TimeRef=""Current""),N6/C6*100,
IF(AND(Active_Toggle_Wage=""130%"",Active_Toggle_OccCount=""Top 20"",Active_Toggle_TimeRef=""10-Year Projection""),O6/C6*100,
0)))))))))))))","=IFS(P6=0,""No Alignment"",P6<25,""Low (<25%)"",P6<50,""Moderate (25-50%)"",P6<75,""Good (50-75%)"",TRUE,""Excellent (≥75%)"")"
2602345,Grand Rapids Public Schools,"=SUMIFS(tbl_Programs_Fractional[Fractional_Credit],tbl_Programs_Fractional[NCES_ID],A7)","=SUMIFS(tbl_Helper_County[Fractional_Credit],tbl_Helper_County[NCES_ID],A7,tbl_Helper_County[Aligned_110_Top15_Current],""Yes"")","=SUMIFS(tbl_Helper_County[Fractional_Credit],tbl_Helper_County[NCES_ID],A7,tbl_Helper_County[Aligned_110_Top15_10yr],""Yes"")","=SUMIFS(tbl_Helper_County[Fractional_Credit],tbl_Helper_County[NCES_ID],A7,tbl_Helper_County[Aligned_110_Top20_Current],""Yes"")","=SUMIFS(tbl_Helper_County[Fractional_Credit],tbl_Helper_County[NCES_ID],A7,tbl_Helper_County[Aligned_110_Top20_10yr],""Yes"")","=SUMIFS(tbl_Helper_County[Fractional_Credit],tbl_Helper_County[NCES_ID],A7,tbl_Helper_County[Aligned_120_Top15_Current],""Yes"")","=SUMIFS(tbl_Helper_County[Fractional_Credit],tbl_Helper_County[NCES_ID],A7,tbl_Helper_County[Aligned_120_Top15_10yr],""Yes"")","=SUMIFS(tbl_Helper_County[Fractional_Credit],tbl_Helper_County[NCES_ID],A7,tbl_Helper_County[Aligned_120_Top20_Current],""Yes"")","=SUMIFS(tbl_Helper_County[Fractional_Credit],tbl_Helper_County[NCES_ID],A7,tbl_Helper_County[Aligned_120_Top20_10yr],""Yes"")","=SUMIFS(tbl_Helper_County[Fractional_Credit],tbl_Helper_County[NCES_ID],A7,tbl_Helper_County[Aligned_130_Top15_Current],""Yes"")","=SUMIFS(tbl_Helper_County[Fractional_Credit],tbl_Helper_County[NCES_ID],A7,tbl_Helper_County[Aligned_130_Top15_10yr],""Yes"")","=SUMIFS(tbl_Helper_County[Fractional_Credit],tbl_Helper_County[NCES_ID],A7,tbl_Helper_County[Aligned_130_Top20_Current],""Yes"")","=SUMIFS(tbl_Helper_County[Fractional_Credit],tbl_Helper_County[NCES_ID],A7,tbl_Helper_County[Aligned_130_Top20_10yr],""Yes"")","=IF(C7=0,0,
IF(AND(Active_Toggle_Wage=""110%"",Active_Toggle_OccCount=""Top 15"",Active_Toggle_TimeRef=""Current""),D7/C7*100,
IF(AND(Active_Toggle_Wage=""110%"",Active_Toggle_OccCount=""Top 15"",Active_Toggle_TimeRef=""10-Year Projection""),E7/C7*100,
IF(AND(Active_Toggle_Wage=""110%"",Active_Toggle_OccCount=""Top 20"",Active_Toggle_TimeRef=""Current""),F7/C7*100,
IF(AND(Active_Toggle_Wage=""110%"",Active_Toggle_OccCount=""Top 20"",Active_Toggle_TimeRef=""10-Year Projection""),G7/C7*100,
IF(AND(Active_Toggle_Wage=""120%"",Active_Toggle_OccCount=""Top 15"",Active_Toggle_TimeRef=""Current""),H7/C7*100,
IF(AND(Active_Toggle_Wage=""120%"",Active_Toggle_OccCount=""Top 15"",Active_Toggle_TimeRef=""10-Year Projection""),I7/C7*100,
IF(AND(Active_Toggle_Wage=""120%"",Active_Toggle_OccCount=""Top 20"",Active_Toggle_TimeRef=""Current""),J7/C7*100,
IF(AND(Active_Toggle_Wage=""120%"",Active_Toggle_OccCount=""Top 20"",Active_Toggle_TimeRef=""10-Year Projection""),K7/C7*100,
IF(AND(Active_Toggle_Wage=""130%"",Active_Toggle_OccCount=""Top 15"",Active_Toggle_TimeRef=""Current""),L7/C7*100,
IF(AND(Active_Toggle_Wage=""130%"",Active_Toggle_OccCount=""Top 15"",Active_Toggle_TimeRef=""10-Year Projection""),M7/C7*100,
IF(AND(Active_Toggle_Wage=""130%"",Active_Toggle_OccCount=""Top 20"",Active_Toggle_TimeRef=""Current""),N7/C7*100,
IF(AND(Active_Toggle_Wage=""130%"",Active_Toggle_OccCount=""Top 20"",Active_Toggle_TimeRef=""10-Year Projection""),O7/C7*100,
0)))))))))))))","=IFS(P7=0,""No Alignment"",P7<25,""Low (<25%)"",P7<50,""Moderate (25-50%)"",P7<75,""Good (50-75%)"",TRUE,""Excellent (≥75%)"")"
2603456,Novi Community Schools,"=SUMIFS(tbl_Programs_Fractional[Fractional_Credit],tbl_Programs_Fractional[NCES_ID],A8)","=SUMIFS(tbl_Helper_County[Fractional_Credit],tbl_Helper_County[NCES_ID],A8,tbl_Helper_County[Aligned_110_Top15_Current],""Yes"")","=SUMIFS(tbl_Helper_County[Fractional_Credit],tbl_Helper_County[NCES_ID],A8,tbl_Helper_County[Aligned_110_Top15_10yr],""Yes"")","=SUMIFS(tbl_Helper_County[Fractional_Credit],tbl_Helper_County[NCES_ID],A8,tbl_Helper_County[Aligned_110_Top20_Current],""Yes"")","=SUMIFS(tbl_Helper_County[Fractional_Credit],tbl_Helper_County[NCES_ID],A8,tbl_Helper_County[Aligned_110_Top20_10yr],""Yes"")","=SUMIFS(tbl_Helper_County[Fractional_Credit],tbl_Helper_County[NCES_ID],A8,tbl_Helper_County[Aligned_120_Top15_Current],""Yes"")","=SUMIFS(tbl_Helper_County[Fractional_Credit],tbl_Helper_County[NCES_ID],A8,tbl_Helper_County[Aligned_120_Top15_10yr],""Yes"")","=SUMIFS(tbl_Helper_County[Fractional_Credit],tbl_Helper_County[NCES_ID],A8,tbl_Helper_County[Aligned_120_Top20_Current],""Yes"")","=SUMIFS(tbl_Helper_County[Fractional_Credit],tbl_Helper_County[NCES_ID],A8,tbl_Helper_County[Aligned_120_Top20_10yr],""Yes"")","=SUMIFS(tbl_Helper_County[Fractional_Credit],tbl_Helper_County[NCES_ID],A8,tbl_Helper_County[Aligned_130_Top15_Current],""Yes"")","=SUMIFS(tbl_Helper_County[Fractional_Credit],tbl_Helper_County[NCES_ID],A8,tbl_Helper_County[Aligned_130_Top15_10yr],""Yes"")","=SUMIFS(tbl_Helper_County[Fractional_Credit],tbl_Helper_County[NCES_ID],A8,tbl_Helper_County[Aligned_130_Top20_Current],""Yes"")","=SUMIFS(tbl_Helper_County[Fractional_Credit],tbl_Helper_County[NCES_ID],A8,tbl_Helper_County[Aligned_130_Top20_10yr],""Yes"")","=IF(C8=0,0,
IF(AND(Active_Toggle_Wage=""110%"",Active_Toggle_OccCount=""Top 15"",Active_Toggle_TimeRef=""Current""),D8/C8*100,
IF(AND(Active_Toggle_Wage=""110%"",Active_Toggle_OccCount=""Top 15"",Active_Toggle_TimeRef=""10-Year Projection""),E8/C8*100,
IF(AND(Active_Toggle_Wage=""110%"",Active_Toggle_OccCount=""Top 20"",Active_Toggle_TimeRef=""Current""),F8/C8*100,
IF(AND(Active_Toggle_Wage=""110%"",Active_Toggle_OccCount=""Top 20"",Active_Toggle_TimeRef=""10-Year Projection""),G8/C8*100,
IF(AND(Active_Toggle_Wage=""120%"",Active_Toggle_OccCount=""Top 15"",Active_Toggle_TimeRef=""Current""),H8/C8*100,
IF(AND(Active_Toggle_Wage=""120%"",Active_Toggle_OccCount=""Top 15"",Active_Toggle_TimeRef=""10-Year Projection""),I8/C8*100,
IF(AND(Active_Toggle_Wage=""120%"",Active_Toggle_OccCount=""Top 20"",Active_Toggle_TimeRef=""Current""),J8/C8*100,
IF(AND(Active_Toggle_Wage=""120%"",Active_Toggle_OccCount=""Top 20"",Active_Toggle_TimeRef=""10-Year Projection""),K8/C8*100,
IF(AND(Active_Toggle_Wage=""130%"",Active_Toggle_OccCount=""Top 15"",Active_Toggle_TimeRef=""Current""),L8/C8*100,
IF(AND(Active_Toggle_Wage=""130%"",Active_Toggle_OccCount=""Top 15"",Active_Toggle_TimeRef=""10-Year Projection""),M8/C8*100,
IF(AND(Active_Toggle_Wage=""130%"",Active_Toggle_OccCount=""Top 20"",Active_Toggle_TimeRef=""Current""),N8/C8*100,
IF(AND(Active_Toggle_Wage=""130%"",Active_Toggle_OccCount=""Top 20"",Active_Toggle_TimeRef=""10-Year Projection""),O8/C8*100,
0)))))))))))))","=IFS(P8=0,""No Alignment"",P8<25,""Low (<25%)"",P8<50,""Moderate (25-50%)"",P8<75,""Good (50-75%)"",TRUE,""Excellent (≥75%)"")"
2604567,East Lansing Public Schools,"=SUMIFS(tbl_Programs_Fractional[Fractional_Credit],tbl_Programs_Fractional[NCES_ID],A9)","=SUMIFS(tbl_Helper_County[Fractional_Credit],tbl_Helper_County[NCES_ID],A9,tbl_Helper_County[Aligned_110_Top15_Current],""Yes"")","=SUMIFS(tbl_Helper_County[Fractional_Credit],tbl_Helper_County[NCES_ID],A9,tbl_Helper_County[Aligned_110_Top15_10yr],""Yes"")","=SUMIFS(tbl_Helper_County[Fractional_Credit],tbl_Helper_County[NCES_ID],A9,tbl_Helper_County[Aligned_110_Top20_Current],""Yes"")","=SUMIFS(tbl_Helper_County[Fractional_Credit],tbl_Helper_County[NCES_ID],A9,tbl_Helper_County[Aligned_110_Top20_10yr],""Yes"")","=SUMIFS(tbl_Helper_County[Fractional_Credit],tbl_Helper_County[NCES_ID],A9,tbl_Helper_County[Aligned_120_Top15_Current],""Yes"")","=SUMIFS(tbl_Helper_County[Fractional_Credit],tbl_Helper_County[NCES_ID],A9,tbl_Helper_County[Aligned_120_Top15_10yr],""Yes"")","=SUMIFS(tbl_Helper_County[Fractional_Credit],tbl_Helper_County[NCES_ID],A9,tbl_Helper_County[Aligned_120_Top20_Current],""Yes"")","=SUMIFS(tbl_Helper_County[Fractional_Credit],tbl_Helper_County[NCES_ID],A9,tbl_Helper_County[Aligned_120_Top20_10yr],""Yes"")","=SUMIFS(tbl_Helper_County[Fractional_Credit],tbl_Helper_County[NCES_ID],A9,tbl_Helper_County[Aligned_130_Top15_Current],""Yes"")","=SUMIFS(tbl_Helper_County[Fractional_Credit],tbl_Helper_County[NCES_ID],A9,tbl_Helper_County[Aligned_130_Top15_10yr],""Yes"")","=SUMIFS(tbl_Helper_County[Fractional_Credit],tbl_Helper_County[NCES_ID],A9,tbl_Helper_County[Aligned_130_Top20_Current],""Yes"")","=SUMIFS(tbl_Helper_County[Fractional_Credit],tbl_Helper_County[NCES_ID],A9,tbl_Helper_County[Aligned_130_Top20_10yr],""Yes"")","=IF(C9=0,0,
IF(AND(Active_Toggle_Wage=""110%"",Active_Toggle_OccCount=""Top 15"",Active_Toggle_TimeRef=""Current""),D9/C9*100,
IF(AND(Active_Toggle_Wage=""110%"",Active_Toggle_OccCount=""Top 15"",Active_Toggle_TimeRef=""10-Year Projection""),E9/C9*100,
IF(AND(Active_Toggle_Wage=""110%"",Active_Toggle_OccCount=""Top 20"",Active_Toggle_TimeRef=""Current""),F9/C9*100,
IF(AND(Active_Toggle_Wage=""110%"",Active_Toggle_OccCount=""Top 20"",Active_Toggle_TimeRef=""10-Year Projection""),G9/C9*100,
IF(AND(Active_Toggle_Wage=""120%"",Active_Toggle_OccCount=""Top 15"",Active_Toggle_TimeRef=""Current""),H9/C9*100,
IF(AND(Active_Toggle_Wage=""120%"",Active_Toggle_OccCount=""Top 15"",Active_Toggle_TimeRef=""10-Year Projection""),I9/C9*100,
IF(AND(Active_Toggle_Wage=""120%"",Active_Toggle_OccCount=""Top 20"",Active_Toggle_TimeRef=""Current""),J9/C9*100,
IF(AND(Active_Toggle_Wage=""120%"",Active_Toggle_OccCount=""Top 20"",Active_Toggle_TimeRef=""10-Year Projection""),K9/C9*100,
IF(AND(Active_Toggle_Wage=""130%"",Active_Toggle_OccCount=""Top 15"",Active_Toggle_TimeRef=""Current""),L9/C9*100,
IF(AND(Active_Toggle_Wage=""130%"",Active_Toggle_OccCount=""Top 15"",Active_Toggle_TimeRef=""10-Year Projection""),M9/C9*100,
IF(AND(Active_Toggle_Wage=""130%"",Active_Toggle_OccCount=""Top 20"",Active_Toggle_TimeRef=""Current""),N9/C9*100,
IF(AND(Active_Toggle_Wage=""130%"",Active_Toggle_OccCount=""Top 20"",Active_Toggle_TimeRef=""10-Year Projection""),O9/C9*100,
0)))))))))))))","=IFS(P9=0,""No Alignment"",P9<25,""Low (<25%)"",P9<50,""Moderate (25-50%)"",P9<75,""Good (50-75%)"",TRUE,""Excellent (≥75%)"")"
2606789,Petoskey Public Schools,"=SUMIFS(tbl_Programs_Fractional[Fractional_Credit],tbl_Programs_Fractional[NCES_ID],A10)","=SUMIFS(tbl_Helper_County[Fractional_Credit],tbl_Helper_County[NCES_ID],A10,tbl_Helper_County[Aligned_110_Top15_Current],""Yes"")","=SUMIFS(tbl_Helper_County[Fractional_Credit],tbl_Helper_County[NCES_ID],A10,tbl_Helper_County[Aligned_110_Top15_10yr],""Yes"")","=SUMIFS(tbl_Helper_County[Fractional_Credit],tbl_Helper_County[NCES_ID],A10,tbl_Helper_County[Aligned_110_Top20_Current],""Yes"")","=SUMIFS(tbl_Helper_County[Fractional_Credit],tbl_Helper_County[NCES_ID],A10,tbl_Helper_County[Aligned_110_Top20_10yr],""Yes"")","=SUMIFS(tbl_Helper_County[Fractional_Credit],tbl_Helper_County[NCES_ID],A10,tbl_Helper_County[Aligned_120_Top15_Current],""Yes"")","=SUMIFS(tbl_Helper_County[Fractional_Credit],tbl_Helper_County[NCES_ID],A10,tbl_Helper_County[Aligned_120_Top15_10yr],""Yes"")","=SUMIFS(tbl_Helper_County[Fractional_Credit],tbl_Helper_County[NCES_ID],A10,tbl_Helper_County[Aligned_120_Top20_Current],""Yes"")","=SUMIFS(tbl_Helper_County[Fractional_Credit],tbl_Helper_County[NCES_ID],A10,tbl_Helper_County[Aligned_120_Top20_10yr],""Yes"")","=SUMIFS(tbl_Helper_County[Fractional_Credit],tbl_Helper_County[NCES_ID],A10,tbl_Helper_County[Aligned_130_Top15_Current],""Yes"")","=SUMIFS(tbl_Helper_County[Fractional_Credit],tbl_Helper_County[NCES_ID],A10,tbl_Helper_County[Aligned_130_Top15_10yr],""Yes"")","=SUMIFS(tbl_Helper_County[Fractional_Credit],tbl_Helper_County[NCES_ID],A10,tbl_Helper_County[Aligned_130_Top20_Current],""Yes"")","=SUMIFS(tbl_Helper_County[Fractional_Credit],tbl_Helper_County[NCES_ID],A10,tbl_Helper_County[Aligned_130_Top20_10yr],""Yes"")","=IF(C10=0,0,
IF(AND(Active_Toggle_Wage=""110%"",Active_Toggle_OccCount=""Top 15"",Active_Toggle_TimeRef=""Current""),D10/C10*100,
IF(AND(Active_Toggle_Wage=""110%"",Active_Toggle_OccCount=""Top 15"",Active_Toggle_TimeRef=""10-Year Projection""),E10/C10*100,
IF(AND(Active_Toggle_Wage=""110%"",Active_Toggle_OccCount=""Top 20"",Active_Toggle_TimeRef=""Current""),F10/C10*100,
IF(AND(Active_Toggle_Wage=""110%"",Active_Toggle_OccCount=""Top 20"",Active_Toggle_TimeRef=""10-Year Projection""),G10/C10*100,
IF(AND(Active_Toggle_Wage=""120%"",Active_Toggle_OccCount=""Top 15"",Active_Toggle_TimeRef=""Current""),H10/C10*100,
IF(AND(Active_Toggle_Wage=""120%"",Active_Toggle_OccCount=""Top 15"",Active_Toggle_TimeRef=""10-Year Projection""),I10/C10*100,
IF(AND(Active_Toggle_Wage=""120%"",Active_Toggle_OccCount=""Top 20"",Active_Toggle_TimeRef=""Current""),J10/C10*100,
IF(AND(Active_Toggle_Wage=""120%"",Active_Toggle_OccCount=""Top 20"",Active_Toggle_TimeRef=""10-Year Projection""),K10/C10*100,
IF(AND(Active_Toggle_Wage=""130%"",Active_Toggle_OccCount=""Top 15"",Active_Toggle_TimeRef=""Current""),L10/C10*100,
IF(AND(Active_Toggle_Wage=""130%"",Active_Toggle_OccCount=""Top 15"",Active_Toggle_TimeRef=""10-Year Projection""),M10/C10*100,
IF(AND(Active_Toggle_Wage=""130%"",Active_Toggle_OccCount=""Top 20"",Active_Toggle_TimeRef=""Current""),N10/C10*100,
IF(AND(Active_Toggle_Wage=""130%"",Active_Toggle_OccCount=""Top 20"",Active_Toggle_TimeRef=""10-Year Projection""),O10/C10*100,
0)))))))))))))","=IFS(P10=0,""No Alignment"",P10<25,""Low (<25%)"",P10<50,""Moderate (25-50%)"",P10<75,""Good (50-75%)"",TRUE,""Excellent (≥75%)"")"
2607890,Manistique Area Schools,"=SUMIFS(tbl_Programs_Fractional[Fractional_Credit],tbl_Programs_Fractional[NCES_ID],A11)","=SUMIFS(tbl_Helper_County[Fractional_Credit],tbl_Helper_County[NCES_ID],A11,tbl_Helper_County[Aligned_110_Top15_Current],""Yes"")","=SUMIFS(tbl_Helper_County[Fractional_Credit],tbl_Helper_County[NCES_ID],A11,tbl_Helper_County[Aligned_110_Top15_10yr],""Yes"")","=SUMIFS(tbl_Helper_County[Fractional_Credit],tbl_Helper_County[NCES_ID],A11,tbl_Helper_County[Aligned_110_Top20_Current],""Yes"")","=SUMIFS(tbl_Helper_County[Fractional_Credit],tbl_Helper_County[NCES_ID],A11,tbl_Helper_County[Aligned_110_Top20_10yr],""Yes"")","=SUMIFS(tbl_Helper_County[Fractional_Credit],tbl_Helper_County[NCES_ID],A11,tbl_Helper_County[Aligned_120_Top15_Current],""Yes"")","=SUMIFS(tbl_Helper_County[Fractional_Credit],tbl_Helper_County[NCES_ID],A11,tbl_Helper_County[Aligned_120_Top15_10yr],""Yes"")","=SUMIFS(tbl_Helper_County[Fractional_Credit],tbl_Helper_County[NCES_ID],A11,tbl_Helper_County[Aligned_120_Top20_Current],""Yes"")","=SUMIFS(tbl_Helper_County[Fractional_Credit],tbl_Helper_County[NCES_ID],A11,tbl_Helper_County[Aligned_120_Top20_10yr],""Yes"")","=SUMIFS(tbl_Helper_County[Fractional_Credit],tbl_Helper_County[NCES_ID],A11,tbl_Helper_County[Aligned_130_Top15_Current],""Yes"")","=SUMIFS(tbl_Helper_County[Fractional_Credit],tbl_Helper_County[NCES_ID],A11,tbl_Helper_County[Aligned_130_Top15_10yr],""Yes"")","=SUMIFS(tbl_Helper_County[Fractional_Credit],tbl_Helper_County[NCES_ID],A11,tbl_Helper_County[Aligned_130_Top20_Current],""Yes"")","=SUMIFS(tbl_Helper_County[Fractional_Credit],tbl_Helper_County[NCES_ID],A11,tbl_Helper_County[Aligned_130_Top20_10yr],""Yes"")","=IF(C11=0,0,
IF(AND(Active_Toggle_Wage=""110%"",Active_Toggle_OccCount=""Top 15"",Active_Toggle_TimeRef=""Current""),D11/C11*100,
IF(AND(Active_Toggle_Wage=""110%"",Active_Toggle_OccCount=""Top 15"",Active_Toggle_TimeRef=""10-Year Projection""),E11/C11*100,
IF(AND(Active_Toggle_Wage=""110%"",Active_Toggle_OccCount=""Top 20"",Active_Toggle_TimeRef=""Current""),F11/C11*100,
IF(AND(Active_Toggle_Wage=""110%"",Active_Toggle_OccCount=""Top 20"",Active_Toggle_TimeRef=""10-Year Projection""),G11/C11*100,
IF(AND(Active_Toggle_Wage=""120%"",Active_Toggle_OccCount=""Top 15"",Active_Toggle_TimeRef=""Current""),H11/C11*100,
IF(AND(Active_Toggle_Wage=""120%"",Active_Toggle_OccCount=""Top 15"",Active_Toggle_TimeRef=""10-Year Projection""),I11/C11*100,
IF(AND(Active_Toggle_Wage=""120%"",Active_Toggle_OccCount=""Top 20"",Active_Toggle_TimeRef=""Current""),J11/C11*100,
IF(AND(Active_Toggle_Wage=""120%"",Active_Toggle_OccCount=""Top 20"",Active_Toggle_TimeRef=""10-Year Projection""),K11/C11*100,
IF(AND(Active_Toggle_Wage=""130%"",Active_Toggle_OccCount=""Top 15"",Active_Toggle_TimeRef=""Current""),L11/C11*100,
IF(AND(Active_Toggle_Wage=""130%"",Active_Toggle_OccCount=""Top 15"",Active_Toggle_TimeRef=""10-Year Projection""),M11/C11*100,
IF(AND(Active_Toggle_Wage=""130%"",Active_Toggle_OccCount=""Top 20"",Active_Toggle_TimeRef=""Current""),N11/C11*100,
IF(AND(Active_Toggle_Wage=""130%"",Active_Toggle_OccCount=""Top 20"",Active_Toggle_TimeRef=""10-Year Projection""),O11/C11*100,
0)))))))))))))","=IFS(P11=0,""No Alignment"",P11<25,""Low (<25%)"",P11<50,""Moderate (25-50%)"",P11<75,""Good (50-75%)"",TRUE,""Excellent (≥75%)"")"
2608901,Ironwood Area Schools,"=SUMIFS(tbl_Programs_Fractional[Fractional_Credit],tbl_Programs_Fractional[NCES_ID],A12)","=SUMIFS(tbl_Helper_County[Fractional_Credit],tbl_Helper_County[NCES_ID],A12,tbl_Helper_County[Aligned_110_Top15_Current],""Yes"")","=SUMIFS(tbl_Helper_County[Fractional_Credit],tbl_Helper_County[NCES_ID],A12,tbl_Helper_County[Aligned_110_Top15_10yr],""Yes"")","=SUMIFS(tbl_Helper_County[Fractional_Credit],tbl_Helper_County[NCES_ID],A12,tbl_Helper_County[Aligned_110_Top20_Current],""Yes"")","=SUMIFS(tbl_Helper_County[Fractional_Credit],tbl_Helper_County[NCES_ID],A12,tbl_Helper_County[Aligned_110_Top20_10yr],""Yes"")","=SUMIFS(tbl_Helper_County[Fractional_Credit],tbl_Helper_County[NCES_ID],A12,tbl_Helper_County[Aligned_120_Top15_Current],""Yes"")","=SUMIFS(tbl_Helper_County[Fractional_Credit],tbl_Helper_County[NCES_ID],A12,tbl_Helper_County[Aligned_120_Top15_10yr],""Yes"")","=SUMIFS(tbl_Helper_County[Fractional_Credit],tbl_Helper_County[NCES_ID],A12,tbl_Helper_County[Aligned_120_Top20_Current],""Yes"")","=SUMIFS(tbl_Helper_County[Fractional_Credit],tbl_Helper_County[NCES_ID],A12,tbl_Helper_County[Aligned_120_Top20_10yr],""Yes"")","=SUMIFS(tbl_Helper_County[Fractional_Credit],tbl_Helper_County[NCES_ID],A12,tbl_Helper_County[Aligned_130_Top15_Current],""Yes"")","=SUMIFS(tbl_Helper_County[Fractional_Credit],tbl_Helper_County[NCES_ID],A12,tbl_Helper_County[Aligned_130_Top15_10yr],""Yes"")","=SUMIFS(tbl_Helper_County[Fractional_Credit],tbl_Helper_County[NCES_ID],A12,tbl_Helper_County[Aligned_130_Top20_Current],""Yes"")","=SUMIFS(tbl_Helper_County[Fractional_Credit],tbl_Helper_County[NCES_ID],A12,tbl_Helper_County[Aligned_130_Top20_10yr],""Yes"")","=IF(C12=0,0,
IF(AND(Active_Toggle_Wage=""110%"",Active_Toggle_OccCount=""Top 15"",Active_Toggle_TimeRef=""Current""),D12/C12*100,
IF(AND(Active_Toggle_Wage=""110%"",Active_Toggle_OccCount=""Top 15"",Active_Toggle_TimeRef=""10-Year Projection""),E12/C12*100,
IF(AND(Active_Toggle_Wage=""110%"",Active_Toggle_OccCount=""Top 20"",Active_Toggle_TimeRef=""Current""),F12/C12*100,
IF(AND(Active_Toggle_Wage=""110%"",Active_Toggle_OccCount=""Top 20"",Active_Toggle_TimeRef=""10-Year Projection""),G12/C12*100,
IF(AND(Active_Toggle_Wage=""120%"",Active_Toggle_OccCount=""Top 15"",Active_Toggle_TimeRef=""Current""),H12/C12*100,
IF(AND(Active_Toggle_Wage=""120%"",Active_Toggle_OccCount=""Top 15"",Active_Toggle_TimeRef=""10-Year Projection""),I12/C12*100,
IF(AND(Active_Toggle_Wage=""120%"",Active_Toggle_OccCount=""Top 20"",Active_Toggle_TimeRef=""Current""),J12/C12*100,
IF(AND(Active_Toggle_Wage=""120%"",Active_Toggle_OccCount=""Top 20"",Active_Toggle_TimeRef=""10-Year Projection""),K12/C12*100,
IF(AND(Active_Toggle_Wage=""130%"",Active_Toggle_OccCount=""Top 15"",Active_Toggle_TimeRef=""Current""),L12/C12*100,
IF(AND(Active_Toggle_Wage=""130%"",Active_Toggle_OccCount=""Top 15"",Active_Toggle_TimeRef=""10-Year Projection""),M12/C12*100,
IF(AND(Active_Toggle_Wage=""130%"",Active_Toggle_OccCount=""Top 20"",Active_Toggle_TimeRef=""Current""),N12/C12*100,
IF(AND(Active_Toggle_Wage=""130%"",Active_Toggle_OccCount=""Top 20"",Active_Toggle_TimeRef=""10-Year Projection""),O12/C12*100,
0)))))))))))))","=IFS(P12=0,""No Alignment"",P12<25,""Low (<25%)"",P12<50,""Moderate (25-50%)"",P12<75,""Good (50-75%)"",TRUE,""Excellent (≥75%)"")"
2600234,Livonia Public Schools,"=SUMIFS(tbl_Programs_Fractional[Fractional_Credit],tbl_Programs_Fractional[NCES_ID],A13)","=SUMIFS(tbl_Helper_County[Fractional_Credit],tbl_Helper_County[NCES_ID],A13,tbl_Helper_County[Aligned_110_Top15_Current],""Yes"")","=SUMIFS(tbl_Helper_County[Fractional_Credit],tbl_Helper_County[NCES_ID],A13,tbl_Helper_County[Aligned_110_Top15_10yr],""Yes"")","=SUMIFS(tbl_Helper_County[Fractional_Credit],tbl_Helper_County[NCES_ID],A13,tbl_Helper_County[Aligned_110_Top20_Current],""Yes"")","=SUMIFS(tbl_Helper_County[Fractional_Credit],tbl_Helper_County[NCES_ID],A13,tbl_Helper_County[Aligned_110_Top20_10yr],""Yes"")","=SUMIFS(tbl_Helper_County[Fractional_Credit],tbl_Helper_County[NCES_ID],A13,tbl_Helper_County[Aligned_120_Top15_Current],""Yes"")","=SUMIFS(tbl_Helper_County[Fractional_Credit],tbl_Helper_County[NCES_ID],A13,tbl_Helper_County[Aligned_120_Top15_10yr],""Yes"")","=SUMIFS(tbl_Helper_County[Fractional_Credit],tbl_Helper_County[NCES_ID],A13,tbl_Helper_County[Aligned_120_Top20_Current],""Yes"")","=SUMIFS(tbl_Helper_County[Fractional_Credit],tbl_Helper_County[NCES_ID],A13,tbl_Helper_County[Aligned_120_Top20_10yr],""Yes"")","=SUMIFS(tbl_Helper_County[Fractional_Credit],tbl_Helper_County[NCES_ID],A13,tbl_Helper_County[Aligned_130_Top15_Current],""Yes"")","=SUMIFS(tbl_Helper_County[Fractional_Credit],tbl_Helper_County[NCES_ID],A13,tbl_Helper_County[Aligned_130_Top15_10yr],""Yes"")","=SUMIFS(tbl_Helper_County[Fractional_Credit],tbl_Helper_County[NCES_ID],A13,tbl_Helper_County[Aligned_130_Top20_Current],""Yes"")","=SUMIFS(tbl_Helper_County[Fractional_Credit],tbl_Helper_County[NCES_ID],A13,tbl_Helper_County[Aligned_130_Top20_10yr],""Yes"")","=IF(C13=0,0,
IF(AND(Active_Toggle_Wage=""110%"",Active_Toggle_OccCount=""Top 15"",Active_Toggle_TimeRef=""Current""),D13/C13*100,
IF(AND(Active_Toggle_Wage=""110%"",Active_Toggle_OccCount=""Top 15"",Active_Toggle_TimeRef=""10-Year Projection""),E13/C13*100,
IF(AND(Active_Toggle_Wage=""110%"",Active_Toggle_OccCount=""Top 20"",Active_Toggle_TimeRef=""Current""),F13/C13*100,
IF(AND(Active_Toggle_Wage=""110%"",Active_Toggle_OccCount=""Top 20"",Active_Toggle_TimeRef=""10-Year Projection""),G13/C13*100,
IF(AND(Active_Toggle_Wage=""120%"",Active_Toggle_OccCount=""Top 15"",Active_Toggle_TimeRef=""Current""),H13/C13*100,
IF(AND(Active_Toggle_Wage=""120%"",Active_Toggle_OccCount=""Top 15"",Active_Toggle_TimeRef=""10-Year Projection""),I13/C13*100,
IF(AND(Active_Toggle_Wage=""120%"",Active_Toggle_OccCount=""Top 20"",Active_Toggle_TimeRef=""Current""),J13/C13*100,
IF(AND(Active_Toggle_Wage=""120%"",Active_Toggle_OccCount=""Top 20"",Active_Toggle_TimeRef=""10-Year Projection""),K13/C13*100,
IF(AND(Active_Toggle_Wage=""130%"",Active_Toggle_OccCount=""Top 15"",Active_Toggle_TimeRef=""Current""),L13/C13*100,
IF(AND(Active_Toggle_Wage=""130%"",Active_Toggle_OccCount=""Top 15"",Active_Toggle_TimeRef=""10-Year Projection""),M13/C13*100,
IF(AND(Active_Toggle_Wage=""130%"",Active_Toggle_OccCount=""Top 20"",Active_Toggle_TimeRef=""Current""),N13/C13*100,
IF(AND(Active_Toggle_Wage=""130%"",Active_Toggle_OccCount=""Top 20"",Active_Toggle_TimeRef=""10-Year Projection""),O13/C13*100,
0)))))))))))))","=IFS(P13=0,""No Alignment"",P13<25,""Low (<25%)"",P13<50,""Moderate (25-50%)"",P13<75,""Good (50-75%)"",TRUE,""Excellent (≥75%)"")"
2601345,Midland Public Schools,"=SUMIFS(tbl_Programs_Fractional[Fractional_Credit],tbl_Programs_Fractional[NCES_ID],A14)","=SUMIFS(tbl_Helper_County[Fractional_Credit],tbl_Helper_County[NCES_ID],A14,tbl_Helper_County[Aligned_110_Top15_Current],""Yes"")","=SUMIFS(tbl_Helper_County[Fractional_Credit],tbl_Helper_County[NCES_ID],A14,tbl_Helper_County[Aligned_110_Top15_10yr],""Yes"")","=SUMIFS(tbl_Helper_County[Fractional_Credit],tbl_Helper_County[NCES_ID],A14,tbl_Helper_County[Aligned_110_Top20_Current],""Yes"")","=SUMIFS(tbl_Helper_County[Fractional_Credit],tbl_Helper_County[NCES_ID],A14,tbl_Helper_County[Aligned_110_Top20_10yr],""Yes"")","=SUMIFS(tbl_Helper_County[Fractional_Credit],tbl_Helper_County[NCES_ID],A14,tbl_Helper_County[Aligned_120_Top15_Current],""Yes"")","=SUMIFS(tbl_Helper_County[Fractional_Credit],tbl_Helper_County[NCES_ID],A14,tbl_Helper_County[Aligned_120_Top15_10yr],""Yes"")","=SUMIFS(tbl_Helper_County[Fractional_Credit],tbl_Helper_County[NCES_ID],A14,tbl_Helper_County[Aligned_120_Top20_Current],""Yes"")","=SUMIFS(tbl_Helper_County[Fractional_Credit],tbl_Helper_County[NCES_ID],A14,tbl_Helper_County[Aligned_120_Top20_10yr],""Yes"")","=SUMIFS(tbl_Helper_County[Fractional_Credit],tbl_Helper_County[NCES_ID],A14,tbl_Helper_County[Aligned_130_Top15_Current],""Yes"")","=SUMIFS(tbl_Helper_County[Fractional_Credit],tbl_Helper_County[NCES_ID],A14,tbl_Helper_County[Aligned_130_Top15_10yr],""Yes"")","=SUMIFS(tbl_Helper_County[Fractional_Credit],tbl_Helper_County[NCES_ID],A14,tbl_Helper_County[Aligned_130_Top20_Current],""Yes"")","=SUMIFS(tbl_Helper_County[Fractional_Credit],tbl_Helper_County[NCES_ID],A14,tbl_Helper_County[Aligned_130_Top20_10yr],""Yes"")","=IF(C14=0,0,
IF(AND(Active_Toggle_Wage=""110%"",Active_Toggle_OccCount=""Top 15"",Active_Toggle_TimeRef=""Current""),D14/C14*100,
IF(AND(Active_Toggle_Wage=""110%"",Active_Toggle_OccCount=""Top 15"",Active_Toggle_TimeRef=""10-Year Projection""),E14/C14*100,
IF(AND(Active_Toggle_Wage=""110%"",Active_Toggle_OccCount=""Top 20"",Active_Toggle_TimeRef=""Current""),F14/C14*100,
IF(AND(Active_Toggle_Wage=""110%"",Active_Toggle_OccCount=""Top 20"",Active_Toggle_TimeRef=""10-Year Projection""),G14/C14*100,
IF(AND(Active_Toggle_Wage=""120%"",Active_Toggle_OccCount=""Top 15"",Active_Toggle_TimeRef=""Current""),H14/C14*100,
IF(AND(Active_Toggle_Wage=""120%"",Active_Toggle_OccCount=""Top 15"",Active_Toggle_TimeRef=""10-Year Projection""),I14/C14*100,
IF(AND(Active_Toggle_Wage=""120%"",Active_Toggle_OccCount=""Top 20"",Active_Toggle_TimeRef=""Current""),J14/C14*100,
IF(AND(Active_Toggle_Wage=""120%"",Active_Toggle_OccCount=""Top 20"",Active_Toggle_TimeRef=""10-Year Projection""),K14/C14*100,
IF(AND(Active_Toggle_Wage=""130%"",Active_Toggle_OccCount=""Top 15"",Active_Toggle_TimeRef=""Current""),L14/C14*100,
IF(AND(Active_Toggle_Wage=""130%"",Active_Toggle_OccCount=""Top 15"",Active_Toggle_TimeRef=""10-Year Projection""),M14/C14*100,
IF(AND(Active_Toggle_Wage=""130%"",Active_Toggle_OccCount=""Top 20"",Active_Toggle_TimeRef=""Current""),N14/C14*100,
IF(AND(Active_Toggle_Wage=""130%"",Active_Toggle_OccCount=""Top 20"",Active_Toggle_TimeRef=""10-Year Projection""),O14/C14*100,
0)))))))))))))","=IFS(P14=0,""No Alignment"",P14<25,""Low (<25%)"",P14<50,""Moderate (25-50%)"",P14<75,""Good (50-75%)"",TRUE,""Excellent (≥75%)"")"
