NCES_ID,District_Name,CEPD_Region,Total_Programs,Aligned_110_Top15_Current,Aligned_110_Top15_10yr,Aligned_110_Top20_Current,Aligned_110_Top20_10yr,Aligned_120_Top15_Current,Aligned_120_Top15_10yr,Aligned_120_Top20_Current,Aligned_120_Top20_10yr,Aligned_130_Top15_Current,Aligned_130_Top15_10yr,Aligned_130_Top20_Current,Aligned_130_Top20_10yr,PAI_Active_Config,PAI_Category
2600010,Detroit Public Schools,"=IFERROR(INDEX(tbl_Districts_Clean[CEPD_Region],MATCH(A2,tbl_Districts_Clean[NCES_ID],0)),"""")","=SUMIFS(tbl_Programs_Fractional[Fractional_Credit],tbl_Programs_Fractional[NCES_ID],A2)","=SUMIFS(tbl_Helper_CEPD[Fractional_Credit],tbl_Helper_CEPD[NCES_ID],A2,tbl_Helper_CEPD[Aligned_110_Top15_Current],""Yes"")","=SUMIFS(tbl_Helper_CEPD[Fractional_Credit],tbl_Helper_CEPD[NCES_ID],A2,tbl_Helper_CEPD[Aligned_110_Top15_10yr],""Yes"")","=SUMIFS(tbl_Helper_CEPD[Fractional_Credit],tbl_Helper_CEPD[NCES_ID],A2,tbl_Helper_CEPD[Aligned_110_Top20_Current],""Yes"")","=SUMIFS(tbl_Helper_CEPD[Fractional_Credit],tbl_Helper_CEPD[NCES_ID],A2,tbl_Helper_CEPD[Aligned_110_Top20_10yr],""Yes"")","=SUMIFS(tbl_Helper_CEPD[Fractional_Credit],tbl_Helper_CEPD[NCES_ID],A2,tbl_Helper_CEPD[Aligned_120_Top15_Current],""Yes"")","=SUMIFS(tbl_Helper_CEPD[Fractional_Credit],tbl_Helper_CEPD[NCES_ID],A2,tbl_Helper_CEPD[Aligned_120_Top15_10yr],""Yes"")","=SUMIFS(tbl_Helper_CEPD[Fractional_Credit],tbl_Helper_CEPD[NCES_ID],A2,tbl_Helper_CEPD[Aligned_120_Top20_Current],""Yes"")","=SUMIFS(tbl_Helper_CEPD[Fractional_Credit],tbl_Helper_CEPD[NCES_ID],A2,tbl_Helper_CEPD[Aligned_120_Top20_10yr],""Yes"")","=SUMIFS(tbl_Helper_CEPD[Fractional_Credit],tbl_Helper_CEPD[NCES_ID],A2,tbl_Helper_CEPD[Aligned_130_Top15_Current],""Yes"")","=SUMIFS(tbl_Helper_CEPD[Fractional_Credit],tbl_Helper_CEPD[NCES_ID],A2,tbl_Helper_CEPD[Aligned_130_Top15_10yr],""Yes"")","=SUMIFS(tbl_Helper_CEPD[Fractional_Credit],tbl_Helper_CEPD[NCES_ID],A2,tbl_Helper_CEPD[Aligned_130_Top20_Current],""Yes"")","=SUMIFS(tbl_Helper_CEPD[Fractional_Credit],tbl_Helper_CEPD[NCES_ID],A2,tbl_Helper_CEPD[Aligned_130_Top20_10yr],""Yes"")","=IF(D2=0,0,
IF(AND(Active_Toggle_Wage=""110%"",Active_Toggle_OccCount=""Top 15"",Active_Toggle_TimeRef=""Current""),E2/D2*100,
IF(AND(Active_Toggle_Wage=""110%"",Active_Toggle_OccCount=""Top 15"",Active_Toggle_TimeRef=""10-Year Projection""),F2/D2*100,
IF(AND(Active_Toggle_Wage=""110%"",Active_Toggle_OccCount=""Top 20"",Active_Toggle_TimeRef=""Current""),G2/D2*100,
IF(AND(Active_Toggle_Wage=""110%"",Active_Toggle_OccCount=""Top 20"",Active_Toggle_TimeRef=""10-Year Projection""),H2/D2*100,
IF(AND(Active_Toggle_Wage=""120%"",Active_Toggle_OccCount=""Top 15"",Active_Toggle_TimeRef=""Current""),I2/D2*100,
IF(AND(Active_Toggle_Wage=""120%"",Active_Toggle_OccCount=""Top 15"",Active_Toggle_TimeRef=""10-Year Projection""),J2/D2*100,
IF(AND(Active_Toggle_Wage=""120%"",Active_Toggle_OccCount=""Top 20"",Active_Toggle_TimeRef=""Current""),K2/D2*100,
IF(AND(Active_Toggle_Wage=""120%"",Active_Toggle_OccCount=""Top 20"",Active_Toggle_TimeRef=""10-Year Projection""),L2/D2*100,
IF(AND(Active_Toggle_Wage=""130%"",Active_Toggle_OccCount=""Top 15"",Active_Toggle_TimeRef=""Current""),M2/D2*100,
IF(AND(Active_Toggle_Wage=""130%"",Active_Toggle_OccCount=""Top 15"",Active_Toggle_TimeRef=""10-Year Projection""),N2/D2*100,
IF(AND(Active_Toggle_Wage=""130%"",Active_Toggle_OccCount=""Top 20"",Active_Toggle_TimeRef=""Current""),O2/D2*100,
IF(AND(Active_Toggle_Wage=""130%"",Active_Toggle_OccCount=""Top 20"",Active_Toggle_TimeRef=""10-Year Projection""),P2/D2*100,
0)))))))))))))","=IFS(Q2=0,""No Alignment"",Q2<25,""Low (<25%)"",Q2<50,""Moderate (25-50%)"",Q2<75,""Good (50-75%)"",TRUE,""Excellent (≥75%)"")"
2600020,Ann Arbor Public Schools,"=IFERROR(INDEX(tbl_Districts_Clean[CEPD_Region],MATCH(A3,tbl_Districts_Clean[NCES_ID],0)),"""")","=SUMIFS(tbl_Programs_Fractional[Fractional_Credit],tbl_Programs_Fractional[NCES_ID],A3)","=SUMIFS(tbl_Helper_CEPD[Fractional_Credit],tbl_Helper_CEPD[NCES_ID],A3,tbl_Helper_CEPD[Aligned_110_Top15_Current],""Yes"")","=SUMIFS(tbl_Helper_CEPD[Fractional_Credit],tbl_Helper_CEPD[NCES_ID],A3,tbl_Helper_CEPD[Aligned_110_Top15_10yr],""Yes"")","=SUMIFS(tbl_Helper_CEPD[Fractional_Credit],tbl_Helper_CEPD[NCES_ID],A3,tbl_Helper_CEPD[Aligned_110_Top20_Current],""Yes"")","=SUMIFS(tbl_Helper_CEPD[Fractional_Credit],tbl_Helper_CEPD[NCES_ID],A3,tbl_Helper_CEPD[Aligned_110_Top20_10yr],""Yes"")","=SUMIFS(tbl_Helper_CEPD[Fractional_Credit],tbl_Helper_CEPD[NCES_ID],A3,tbl_Helper_CEPD[Aligned_120_Top15_Current],""Yes"")","=SUMIFS(tbl_Helper_CEPD[Fractional_Credit],tbl_Helper_CEPD[NCES_ID],A3,tbl_Helper_CEPD[Aligned_120_Top15_10yr],""Yes"")","=SUMIFS(tbl_Helper_CEPD[Fractional_Credit],tbl_Helper_CEPD[NCES_ID],A3,tbl_Helper_CEPD[Aligned_120_Top20_Current],""Yes"")","=SUMIFS(tbl_Helper_CEPD[Fractional_Credit],tbl_Helper_CEPD[NCES_ID],A3,tbl_Helper_CEPD[Aligned_120_Top20_10yr],""Yes"")","=SUMIFS(tbl_Helper_CEPD[Fractional_Credit],tbl_Helper_CEPD[NCES_ID],A3,tbl_Helper_CEPD[Aligned_130_Top15_Current],""Yes"")","=SUMIFS(tbl_Helper_CEPD[Fractional_Credit],tbl_Helper_CEPD[NCES_ID],A3,tbl_Helper_CEPD[Aligned_130_Top15_10yr],""Yes"")","=SUMIFS(tbl_Helper_CEPD[Fractional_Credit],tbl_Helper_CEPD[NCES_ID],A3,tbl_Helper_CEPD[Aligned_130_Top20_Current],""Yes"")","=SUMIFS(tbl_Helper_CEPD[Fractional_Credit],tbl_Helper_CEPD[NCES_ID],A3,tbl_Helper_CEPD[Aligned_130_Top20_10yr],""Yes"")","=IF(D3=0,0,
IF(AND(Active_Toggle_Wage=""110%"",Active_Toggle_OccCount=""Top 15"",Active_Toggle_TimeRef=""Current""),E3/D3*100,
IF(AND(Active_Toggle_Wage=""110%"",Active_Toggle_OccCount=""Top 15"",Active_Toggle_TimeRef=""10-Year Projection""),F3/D3*100,
IF(AND(Active_Toggle_Wage=""110%"",Active_Toggle_OccCount=""Top 20"",Active_Toggle_TimeRef=""Current""),G3/D3*100,
IF(AND(Active_Toggle_Wage=""110%"",Active_Toggle_OccCount=""Top 20"",Active_Toggle_TimeRef=""10-Year Projection""),H3/D3*100,
IF(AND(Active_Toggle_Wage=""120%"",Active_Toggle_OccCount=""Top 15"",Active_Toggle_TimeRef=""Current""),I3/D3*100,
IF(AND(Active_Toggle_Wage=""120%"",Active_Toggle_OccCount=""Top 15"",Active_Toggle_TimeRef=""10-Year Projection""),J3/D3*100,
IF(AND(Active_Toggle_Wage=""120%"",Active_Toggle_OccCount=""Top 20"",Active_Toggle_TimeRef=""Current""),K3/D3*100,
IF(AND(Active_Toggle_Wage=""120%"",Active_Toggle_OccCount=""Top 20"",Active_Toggle_TimeRef=""10-Year Projection""),L3/D3*100,
IF(AND(Active_Toggle_Wage=""130%"",Active_Toggle_OccCount=""Top 15"",Active_Toggle_TimeRef=""Current""),M3/D3*100,
IF(AND(Active_Toggle_Wage=""130%"",Active_Toggle_OccCount=""Top 15"",Active_Toggle_TimeRef=""10-Year Projection""),N3/D3*100,
IF(AND(Active_Toggle_Wage=""130%"",Active_Toggle_OccCount=""Top 20"",Active_Toggle_TimeRef=""Current""),O3/D3*100,
IF(AND(Active_Toggle_Wage=""130%"",Active_Toggle_OccCount=""Top 20"",Active_Toggle_TimeRef=""10-Year Projection""),P3/D3*100,
0)))))))))))))","=IFS(Q3=0,""No Alignment"",Q3<25,""Low (<25%)"",Q3<50,""Moderate (25-50%)"",Q3<75,""Good (50-75%)"",TRUE,""Excellent (≥75%)"")"
2601234,Traverse City Area PS,"=IFERROR(INDEX(tbl_Districts_Clean[CEPD_Region],MATCH(A4,tbl_Districts_Clean[NCES_ID],0)),"""")","=SUMIFS(tbl_Programs_Fractional[Fractional_Credit],tbl_Programs_Fractional[NCES_ID],A4)","=SUMIFS(tbl_Helper_CEPD[Fractional_Credit],tbl_Helper_CEPD[NCES_ID],A4,tbl_Helper_CEPD[Aligned_110_Top15_Current],""Yes"")","=SUMIFS(tbl_Helper_CEPD[Fractional_Credit],tbl_Helper_CEPD[NCES_ID],A4,tbl_Helper_CEPD[Aligned_110_Top15_10yr],""Yes"")","=SUMIFS(tbl_Helper_CEPD[Fractional_Credit],tbl_Helper_CEPD[NCES_ID],A4,tbl_Helper_CEPD[Aligned_110_Top20_Current],""Yes"")","=SUMIFS(tbl_Helper_CEPD[Fractional_Credit],tbl_Helper_CEPD[NCES_ID],A4,tbl_Helper_CEPD[Aligned_110_Top20_10yr],""Yes"")","=SUMIFS(tbl_Helper_CEPD[Fractional_Credit],tbl_Helper_CEPD[NCES_ID],A4,tbl_Helper_CEPD[Aligned_120_Top15_Current],""Yes"")","=SUMIFS(tbl_Helper_CEPD[Fractional_Credit],tbl_Helper_CEPD[NCES_ID],A4,tbl_Helper_CEPD[Aligned_120_Top15_10yr],""Yes"")","=SUMIFS(tbl_Helper_CEPD[Fractional_Credit],tbl_Helper_CEPD[NCES_ID],A4,tbl_Helper_CEPD[Aligned_120_Top20_Current],""Yes"")","=SUMIFS(tbl_Helper_CEPD[Fractional_Credit],tbl_Helper_CEPD[NCES_ID],A4,tbl_Helper_CEPD[Aligned_120_Top20_10yr],""Yes"")","=SUMIFS(tbl_Helper_CEPD[Fractional_Credit],tbl_Helper_CEPD[NCES_ID],A4,tbl_Helper_CEPD[Aligned_130_Top15_Current],""Yes"")","=SUMIFS(tbl_Helper_CEPD[Fractional_Credit],tbl_Helper_CEPD[NCES_ID],A4,tbl_Helper_CEPD[Aligned_130_Top15_10yr],""Yes"")","=SUMIFS(tbl_Helper_CEPD[Fractional_Credit],tbl_Helper_CEPD[NCES_ID],A4,tbl_Helper_CEPD[Aligned_130_Top20_Current],""Yes"")","=SUMIFS(tbl_Helper_CEPD[Fractional_Credit],tbl_Helper_CEPD[NCES_ID],A4,tbl_Helper_CEPD[Aligned_130_Top20_10yr],""Yes"")","=IF(D4=0,0,
IF(AND(Active_Toggle_Wage=""110%"",Active_Toggle_OccCount=""Top 15"",Active_Toggle_TimeRef=""Current""),E4/D4*100,
IF(AND(Active_Toggle_Wage=""110%"",Active_Toggle_OccCount=""Top 15"",Active_Toggle_TimeRef=""10-Year Projection""),F4/D4*100,
IF(AND(Active_Toggle_Wage=""110%"",Active_Toggle_OccCount=""Top 20"",Active_Toggle_TimeRef=""Current""),G4/D4*100,
IF(AND(Active_Toggle_Wage=""110%"",Active_Toggle_OccCount=""Top 20"",Active_Toggle_TimeRef=""10-Year Projection""),H4/D4*100,
IF(AND(Active_Toggle_Wage=""120%"",Active_Toggle_OccCount=""Top 15"",Active_Toggle_TimeRef=""Current""),I4/D4*100,
IF(AND(Active_Toggle_Wage=""120%"",Active_Toggle_OccCount=""Top 15"",Active_Toggle_TimeRef=""10-Year Projection""),J4/D4*100,
IF(AND(Active_Toggle_Wage=""120%"",Active_Toggle_OccCount=""Top 20"",Active_Toggle_TimeRef=""Current""),K4/D4*100,
IF(AND(Active_Toggle_Wage=""120%"",Active_Toggle_OccCount=""Top 20"",Active_Toggle_TimeRef=""10-Year Projection""),L4/D4*100,
IF(AND(Active_Toggle_Wage=""130%"",Active_Toggle_OccCount=""Top 15"",Active_Toggle_TimeRef=""Current""),M4/D4*100,
IF(AND(Active_Toggle_Wage=""130%"",Active_Toggle_OccCount=""Top 15"",Active_Toggle_TimeRef=""10-Year Projection""),N4/D4*100,
IF(AND(Active_Toggle_Wage=""130%"",Active_Toggle_OccCount=""Top 20"",Active_Toggle_TimeRef=""Current""),O4/D4*100,
IF(AND(Active_Toggle_Wage=""130%"",Active_Toggle_OccCount=""Top 20"",Active_Toggle_TimeRef=""10-Year Projection""),P4/D4*100,
0)))))))))))))","=IFS(Q4=0,""No Alignment"",Q4<25,""Low (<25%)"",Q4<50,""Moderate (25-50%)"",Q4<75,""Good (50-75%)"",TRUE,""Excellent (≥75%)"")"
2605678,Frankenmuth School District,"=IFERROR(INDEX(tbl_Districts_Clean[CEPD_Region],MATCH(A5,tbl_Districts_Clean[NCES_ID],0)),"""")","=SUMIFS(tbl_Programs_Fractional[Fractional_Credit],tbl_Programs_Fractional[NCES_ID],A5)","=SUMIFS(tbl_Helper_CEPD[Fractional_Credit],tbl_Helper_CEPD[NCES_ID],A5,tbl_Helper_CEPD[Aligned_110_Top15_Current],""Yes"")","=SUMIFS(tbl_Helper_CEPD[Fractional_Credit],tbl_Helper_CEPD[NCES_ID],A5,tbl_Helper_CEPD[Aligned_110_Top15_10yr],""Yes"")","=SUMIFS(tbl_Helper_CEPD[Fractional_Credit],tbl_Helper_CEPD[NCES_ID],A5,tbl_Helper_CEPD[Aligned_110_Top20_Current],""Yes"")","=SUMIFS(tbl_Helper_CEPD[Fractional_Credit],tbl_Helper_CEPD[NCES_ID],A5,tbl_Helper_CEPD[Aligned_110_Top20_10yr],""Yes"")","=SUMIFS(tbl_Helper_CEPD[Fractional_Credit],tbl_Helper_CEPD[NCES_ID],A5,tbl_Helper_CEPD[Aligned_120_Top15_Current],""Yes"")","=SUMIFS(tbl_Helper_CEPD[Fractional_Credit],tbl_Helper_CEPD[NCES_ID],A5,tbl_Helper_CEPD[Aligned_120_Top15_10yr],""Yes"")","=SUMIFS(tbl_Helper_CEPD[Fractional_Credit],tbl_Helper_CEPD[NCES_ID],A5,tbl_Helper_CEPD[Aligned_120_Top20_Current],""Yes"")","=SUMIFS(tbl_Helper_CEPD[Fractional_Credit],tbl_Helper_CEPD[NCES_ID],A5,tbl_Helper_CEPD[Aligned_120_Top20_10yr],""Yes"")","=SUMIFS(tbl_Helper_CEPD[Fractional_Credit],tbl_Helper_CEPD[NCES_ID],A5,tbl_Helper_CEPD[Aligned_130_Top15_Current],""Yes"")","=SUMIFS(tbl_Helper_CEPD[Fractional_Credit],tbl_Helper_CEPD[NCES_ID],A5,tbl_Helper_CEPD[Aligned_130_Top15_10yr],""Yes"")","=SUMIFS(tbl_Helper_CEPD[Fractional_Credit],tbl_Helper_CEPD[NCES_ID],A5,tbl_Helper_CEPD[Aligned_130_Top20_Current],""Yes"")","=SUMIFS(tbl_Helper_CEPD[Fractional_Credit],tbl_Helper_CEPD[NCES_ID],A5,tbl_Helper_CEPD[Aligned_130_Top20_10yr],""Yes"")","=IF(D5=0,0,
IF(AND(Active_Toggle_Wage=""110%"",Active_Toggle_OccCount=""Top 15"",Active_Toggle_TimeRef=""Current""),E5/D5*100,
IF(AND(Active_Toggle_Wage=""110%"",Active_Toggle_OccCount=""Top 15"",Active_Toggle_TimeRef=""10-Year Projection""),F5/D5*100,
IF(AND(Active_Toggle_Wage=""110%"",Active_Toggle_OccCount=""Top 20"",Active_Toggle_TimeRef=""Current""),G5/D5*100,
IF(AND(Active_Toggle_Wage=""110%"",Active_Toggle_OccCount=""Top 20"",Active_Toggle_TimeRef=""10-Year Projection""),H5/D5*100,
IF(AND(Active_Toggle_Wage=""120%"",Active_Toggle_OccCount=""Top 15"",Active_Toggle_TimeRef=""Current""),I5/D5*100,
IF(AND(Active_Toggle_Wage=""120%"",Active_Toggle_OccCount=""Top 15"",Active_Toggle_TimeRef=""10-Year Projection""),J5/D5*100,
IF(AND(Active_Toggle_Wage=""120%"",Active_Toggle_OccCount=""Top 20"",Active_Toggle_TimeRef=""Current""),K5/D5*100,
IF(AND(Active_Toggle_Wage=""120%"",Active_Toggle_OccCount=""Top 20"",Active_Toggle_TimeRef=""10-Year Projection""),L5/D5*100,
IF(AND(Active_Toggle_Wage=""130%"",Active_Toggle_OccCount=""Top 15"",Active_Toggle_TimeRef=""Current""),M5/D5*100,
IF(AND(Active_Toggle_Wage=""130%"",Active_Toggle_OccCount=""Top 15"",Active_Toggle_TimeRef=""10-Year Projection""),N5/D5*100,
IF(AND(Active_Toggle_Wage=""130%"",Active_Toggle_OccCount=""Top 20"",Active_Toggle_TimeRef=""Current""),O5/D5*100,
IF(AND(Active_Toggle_Wage=""130%"",Active_Toggle_OccCount=""Top 20"",Active_Toggle_TimeRef=""10-Year Projection""),P5/D5*100,
0)))))))))))))","=IFS(Q5=0,""No Alignment"",Q5<25,""Low (<25%)"",Q5<50,""Moderate (25-50%)"",Q5<75,""Good (50-75%)"",TRUE,""Excellent (≥75%)"")"
2609876,Onaway Area Community SD,"=IFERROR(INDEX(tbl_Districts_Clean[CEPD_Region],MATCH(A6,tbl_Districts_Clean[NCES_ID],0)),"""")","=SUMIFS(tbl_Programs_Fractional[Fractional_Credit],tbl_Programs_Fractional[NCES_ID],A6)","=SUMIFS(tbl_Helper_CEPD[Fractional_Credit],tbl_Helper_CEPD[NCES_ID],A6,tbl_Helper_CEPD[Aligned_110_Top15_Current],""Yes"")","=SUMIFS(tbl_Helper_CEPD[Fractional_Credit],tbl_Helper_CEPD[NCES_ID],A6,tbl_Helper_CEPD[Aligned_110_Top15_10yr],""Yes"")","=SUMIFS(tbl_Helper_CEPD[Fractional_Credit],tbl_Helper_CEPD[NCES_ID],A6,tbl_Helper_CEPD[Aligned_110_Top20_Current],""Yes"")","=SUMIFS(tbl_Helper_CEPD[Fractional_Credit],tbl_Helper_CEPD[NCES_ID],A6,tbl_Helper_CEPD[Aligned_110_Top20_10yr],""Yes"")","=SUMIFS(tbl_Helper_CEPD[Fractional_Credit],tbl_Helper_CEPD[NCES_ID],A6,tbl_Helper_CEPD[Aligned_120_Top15_Current],""Yes"")","=SUMIFS(tbl_Helper_CEPD[Fractional_Credit],tbl_Helper_CEPD[NCES_ID],A6,tbl_Helper_CEPD[Aligned_120_Top15_10yr],""Yes"")","=SUMIFS(tbl_Helper_CEPD[Fractional_Credit],tbl_Helper_CEPD[NCES_ID],A6,tbl_Helper_CEPD[Aligned_120_Top20_Current],""Yes"")","=SUMIFS(tbl_Helper_CEPD[Fractional_Credit],tbl_Helper_CEPD[NCES_ID],A6,tbl_Helper_CEPD[Aligned_120_Top20_10yr],""Yes"")","=SUMIFS(tbl_Helper_CEPD[Fractional_Credit],tbl_Helper_CEPD[NCES_ID],A6,tbl_Helper_CEPD[Aligned_130_Top15_Current],""Yes"")","=SUMIFS(tbl_Helper_CEPD[Fractional_Credit],tbl_Helper_CEPD[NCES_ID],A6,tbl_Helper_CEPD[Aligned_130_Top15_10yr],""Yes"")","=SUMIFS(tbl_Helper_CEPD[Fractional_Credit],tbl_Helper_CEPD[NCES_ID],A6,tbl_Helper_CEPD[Aligned_130_Top20_Current],""Yes"")","=SUMIFS(tbl_Helper_CEPD[Fractional_Credit],tbl_Helper_CEPD[NCES_ID],A6,tbl_Helper_CEPD[Aligned_130_Top20_10yr],""Yes"")","=IF(D6=0,0,
IF(AND(Active_Toggle_Wage=""110%"",Active_Toggle_OccCount=""Top 15"",Active_Toggle_TimeRef=""Current""),E6/D6*100,
IF(AND(Active_Toggle_Wage=""110%"",Active_Toggle_OccCount=""Top 15"",Active_Toggle_TimeRef=""10-Year Projection""),F6/D6*100,
IF(AND(Active_Toggle_Wage=""110%"",Active_Toggle_OccCount=""Top 20"",Active_Toggle_TimeRef=""Current""),G6/D6*100,
IF(AND(Active_Toggle_Wage=""110%"",Active_Toggle_OccCount=""Top 20"",Active_Toggle_TimeRef=""10-Year Projection""),H6/D6*100,
IF(AND(Active_Toggle_Wage=""120%"",Active_Toggle_OccCount=""Top 15"",Active_Toggle_TimeRef=""Current""),I6/D6*100,
IF(AND(Active_Toggle_Wage=""120%"",Active_Toggle_OccCount=""Top 15"",Active_Toggle_TimeRef=""10-Year Projection""),J6/D6*100,
IF(AND(Active_Toggle_Wage=""120%"",Active_Toggle_OccCount=""Top 20"",Active_Toggle_TimeRef=""Current""),K6/D6*100,
IF(AND(Active_Toggle_Wage=""120%"",Active_Toggle_OccCount=""Top 20"",Active_Toggle_TimeRef=""10-Year Projection""),L6/D6*100,
IF(AND(Active_Toggle_Wage=""130%"",Active_Toggle_OccCount=""Top 15"",Active_Toggle_TimeRef=""Current""),M6/D6*100,
IF(AND(Active_Toggle_Wage=""130%"",Active_Toggle_OccCount=""Top 15"",Active_Toggle_TimeRef=""10-Year Projection""),N6/D6*100,
IF(AND(Active_Toggle_Wage=""130%"",Active_Toggle_OccCount=""Top 20"",Active_Toggle_TimeRef=""Current""),O6/D6*100,
IF(AND(Active_Toggle_Wage=""130%"",Active_Toggle_OccCount=""Top 20"",Active_Toggle_TimeRef=""10-Year Projection""),P6/D6*100,
0)))))))))))))","=IFS(Q6=0,""No Alignment"",Q6<25,""Low (<25%)"",Q6<50,""Moderate (25-50%)"",Q6<75,""Good (50-75%)"",TRUE,""Excellent (≥75%)"")"
2602345,Grand Rapids Public Schools,"=IFERROR(INDEX(tbl_Districts_Clean[CEPD_Region],MATCH(A7,tbl_Districts_Clean[NCES_ID],0)),"""")","=SUMIFS(tbl_Programs_Fractional[Fractional_Credit],tbl_Programs_Fractional[NCES_ID],A7)","=SUMIFS(tbl_Helper_CEPD[Fractional_Credit],tbl_Helper_CEPD[NCES_ID],A7,tbl_Helper_CEPD[Aligned_110_Top15_Current],""Yes"")","=SUMIFS(tbl_Helper_CEPD[Fractional_Credit],tbl_Helper_CEPD[NCES_ID],A7,tbl_Helper_CEPD[Aligned_110_Top15_10yr],""Yes"")","=SUMIFS(tbl_Helper_CEPD[Fractional_Credit],tbl_Helper_CEPD[NCES_ID],A7,tbl_Helper_CEPD[Aligned_110_Top20_Current],""Yes"")","=SUMIFS(tbl_Helper_CEPD[Fractional_Credit],tbl_Helper_CEPD[NCES_ID],A7,tbl_Helper_CEPD[Aligned_110_Top20_10yr],""Yes"")","=SUMIFS(tbl_Helper_CEPD[Fractional_Credit],tbl_Helper_CEPD[NCES_ID],A7,tbl_Helper_CEPD[Aligned_120_Top15_Current],""Yes"")","=SUMIFS(tbl_Helper_CEPD[Fractional_Credit],tbl_Helper_CEPD[NCES_ID],A7,tbl_Helper_CEPD[Aligned_120_Top15_10yr],""Yes"")","=SUMIFS(tbl_Helper_CEPD[Fractional_Credit],tbl_Helper_CEPD[NCES_ID],A7,tbl_Helper_CEPD[Aligned_120_Top20_Current],""Yes"")","=SUMIFS(tbl_Helper_CEPD[Fractional_Credit],tbl_Helper_CEPD[NCES_ID],A7,tbl_Helper_CEPD[Aligned_120_Top20_10yr],""Yes"")","=SUMIFS(tbl_Helper_CEPD[Fractional_Credit],tbl_Helper_CEPD[NCES_ID],A7,tbl_Helper_CEPD[Aligned_130_Top15_Current],""Yes"")","=SUMIFS(tbl_Helper_CEPD[Fractional_Credit],tbl_Helper_CEPD[NCES_ID],A7,tbl_Helper_CEPD[Aligned_130_Top15_10yr],""Yes"")","=SUMIFS(tbl_Helper_CEPD[Fractional_Credit],tbl_Helper_CEPD[NCES_ID],A7,tbl_Helper_CEPD[Aligned_130_Top20_Current],""Yes"")","=SUMIFS(tbl_Helper_CEPD[Fractional_Credit],tbl_Helper_CEPD[NCES_ID],A7,tbl_Helper_CEPD[Aligned_130_Top20_10yr],""Yes"")","=IF(D7=0,0,
IF(AND(Active_Toggle_Wage=""110%"",Active_Toggle_OccCount=""Top 15"",Active_Toggle_TimeRef=""Current""),E7/D7*100,
IF(AND(Active_Toggle_Wage=""110%"",Active_Toggle_OccCount=""Top 15"",Active_Toggle_TimeRef=""10-Year Projection""),F7/D7*100,
IF(AND(Active_Toggle_Wage=""110%"",Active_Toggle_OccCount=""Top 20"",Active_Toggle_TimeRef=""Current""),G7/D7*100,
IF(AND(Active_Toggle_Wage=""110%"",Active_Toggle_OccCount=""Top 20"",Active_Toggle_TimeRef=""10-Year Projection""),H7/D7*100,
IF(AND(Active_Toggle_Wage=""120%"",Active_Toggle_OccCount=""Top 15"",Active_Toggle_TimeRef=""Current""),I7/D7*100,
IF(AND(Active_Toggle_Wage=""120%"",Active_Toggle_OccCount=""Top 15"",Active_Toggle_TimeRef=""10-Year Projection""),J7/D7*100,
IF(AND(Active_Toggle_Wage=""120%"",Active_Toggle_OccCount=""Top 20"",Active_Toggle_TimeRef=""Current""),K7/D7*100,
IF(AND(Active_Toggle_Wage=""120%"",Active_Toggle_OccCount=""Top 20"",Active_Toggle_TimeRef=""10-Year Projection""),L7/D7*100,
IF(AND(Active_Toggle_Wage=""130%"",Active_Toggle_OccCount=""Top 15"",Active_Toggle_TimeRef=""Current""),M7/D7*100,
IF(AND(Active_Toggle_Wage=""130%"",Active_Toggle_OccCount=""Top 15"",Active_Toggle_TimeRef=""10-Year Projection""),N7/D7*100,
IF(AND(Active_Toggle_Wage=""130%"",Active_Toggle_OccCount=""Top 20"",Active_Toggle_TimeRef=""Current""),O7/D7*100,
IF(AND(Active_Toggle_Wage=""130%"",Active_Toggle_OccCount=""Top 20"",Active_Toggle_TimeRef=""10-Year Projection""),P7/D7*100,
0)))))))))))))","=IFS(Q7=0,""No Alignment"",Q7<25,""Low (<25%)"",Q7<50,""Moderate (25-50%)"",Q7<75,""Good (50-75%)"",TRUE,""Excellent (≥75%)"")"
2603456,Novi Community Schools,"=IFERROR(INDEX(tbl_Districts_Clean[CEPD_Region],MATCH(A8,tbl_Districts_Clean[NCES_ID],0)),"""")","=SUMIFS(tbl_Programs_Fractional[Fractional_Credit],tbl_Programs_Fractional[NCES_ID],A8)","=SUMIFS(tbl_Helper_CEPD[Fractional_Credit],tbl_Helper_CEPD[NCES_ID],A8,tbl_Helper_CEPD[Aligned_110_Top15_Current],""Yes"")","=SUMIFS(tbl_Helper_CEPD[Fractional_Credit],tbl_Helper_CEPD[NCES_ID],A8,tbl_Helper_CEPD[Aligned_110_Top15_10yr],""Yes"")","=SUMIFS(tbl_Helper_CEPD[Fractional_Credit],tbl_Helper_CEPD[NCES_ID],A8,tbl_Helper_CEPD[Aligned_110_Top20_Current],""Yes"")","=SUMIFS(tbl_Helper_CEPD[Fractional_Credit],tbl_Helper_CEPD[NCES_ID],A8,tbl_Helper_CEPD[Aligned_110_Top20_10yr],""Yes"")","=SUMIFS(tbl_Helper_CEPD[Fractional_Credit],tbl_Helper_CEPD[NCES_ID],A8,tbl_Helper_CEPD[Aligned_120_Top15_Current],""Yes"")","=SUMIFS(tbl_Helper_CEPD[Fractional_Credit],tbl_Helper_CEPD[NCES_ID],A8,tbl_Helper_CEPD[Aligned_120_Top15_10yr],""Yes"")","=SUMIFS(tbl_Helper_CEPD[Fractional_Credit],tbl_Helper_CEPD[NCES_ID],A8,tbl_Helper_CEPD[Aligned_120_Top20_Current],""Yes"")","=SUMIFS(tbl_Helper_CEPD[Fractional_Credit],tbl_Helper_CEPD[NCES_ID],A8,tbl_Helper_CEPD[Aligned_120_Top20_10yr],""Yes"")","=SUMIFS(tbl_Helper_CEPD[Fractional_Credit],tbl_Helper_CEPD[NCES_ID],A8,tbl_Helper_CEPD[Aligned_130_Top15_Current],""Yes"")","=SUMIFS(tbl_Helper_CEPD[Fractional_Credit],tbl_Helper_CEPD[NCES_ID],A8,tbl_Helper_CEPD[Aligned_130_Top15_10yr],""Yes"")","=SUMIFS(tbl_Helper_CEPD[Fractional_Credit],tbl_Helper_CEPD[NCES_ID],A8,tbl_Helper_CEPD[Aligned_130_Top20_Current],""Yes"")","=SUMIFS(tbl_Helper_CEPD[Fractional_Credit],tbl_Helper_CEPD[NCES_ID],A8,tbl_Helper_CEPD[Aligned_130_Top20_10yr],""Yes"")","=IF(D8=0,0,
IF(AND(Active_Toggle_Wage=""110%"",Active_Toggle_OccCount=""Top 15"",Active_Toggle_TimeRef=""Current""),E8/D8*100,
IF(AND(Active_Toggle_Wage=""110%"",Active_Toggle_OccCount=""Top 15"",Active_Toggle_TimeRef=""10-Year Projection""),F8/D8*100,
IF(AND(Active_Toggle_Wage=""110%"",Active_Toggle_OccCount=""Top 20"",Active_Toggle_TimeRef=""Current""),G8/D8*100,
IF(AND(Active_Toggle_Wage=""110%"",Active_Toggle_OccCount=""Top 20"",Active_Toggle_TimeRef=""10-Year Projection""),H8/D8*100,
IF(AND(Active_Toggle_Wage=""120%"",Active_Toggle_OccCount=""Top 15"",Active_Toggle_TimeRef=""Current""),I8/D8*100,
IF(AND(Active_Toggle_Wage=""120%"",Active_Toggle_OccCount=""Top 15"",Active_Toggle_TimeRef=""10-Year Projection""),J8/D8*100,
IF(AND(Active_Toggle_Wage=""120%"",Active_Toggle_OccCount=""Top 20"",Active_Toggle_TimeRef=""Current""),K8/D8*100,
IF(AND(Active_Toggle_Wage=""120%"",Active_Toggle_OccCount=""Top 20"",Active_Toggle_TimeRef=""10-Year Projection""),L8/D8*100,
IF(AND(Active_Toggle_Wage=""130%"",Active_Toggle_OccCount=""Top 15"",Active_Toggle_TimeRef=""Current""),M8/D8*100,
IF(AND(Active_Toggle_Wage=""130%"",Active_Toggle_OccCount=""Top 15"",Active_Toggle_TimeRef=""10-Year Projection""),N8/D8*100,
IF(AND(Active_Toggle_Wage=""130%"",Active_Toggle_OccCount=""Top 20"",Active_Toggle_TimeRef=""Current""),O8/D8*100,
IF(AND(Active_Toggle_Wage=""130%"",Active_Toggle_OccCount=""Top 20"",Active_Toggle_TimeRef=""10-Year Projection""),P8/D8*100,
0)))))))))))))","=IFS(Q8=0,""No Alignment"",Q8<25,""Low (<25%)"",Q8<50,""Moderate (25-50%)"",Q8<75,""Good (50-75%)"",TRUE,""Excellent (≥75%)"")"
2604567,East Lansing Public Schools,"=IFERROR(INDEX(tbl_Districts_Clean[CEPD_Region],MATCH(A9,tbl_Districts_Clean[NCES_ID],0)),"""")","=SUMIFS(tbl_Programs_Fractional[Fractional_Credit],tbl_Programs_Fractional[NCES_ID],A9)","=SUMIFS(tbl_Helper_CEPD[Fractional_Credit],tbl_Helper_CEPD[NCES_ID],A9,tbl_Helper_CEPD[Aligned_110_Top15_Current],""Yes"")","=SUMIFS(tbl_Helper_CEPD[Fractional_Credit],tbl_Helper_CEPD[NCES_ID],A9,tbl_Helper_CEPD[Aligned_110_Top15_10yr],""Yes"")","=SUMIFS(tbl_Helper_CEPD[Fractional_Credit],tbl_Helper_CEPD[NCES_ID],A9,tbl_Helper_CEPD[Aligned_110_Top20_Current],""Yes"")","=SUMIFS(tbl_Helper_CEPD[Fractional_Credit],tbl_Helper_CEPD[NCES_ID],A9,tbl_Helper_CEPD[Aligned_110_Top20_10yr],""Yes"")","=SUMIFS(tbl_Helper_CEPD[Fractional_Credit],tbl_Helper_CEPD[NCES_ID],A9,tbl_Helper_CEPD[Aligned_120_Top15_Current],""Yes"")","=SUMIFS(tbl_Helper_CEPD[Fractional_Credit],tbl_Helper_CEPD[NCES_ID],A9,tbl_Helper_CEPD[Aligned_120_Top15_10yr],""Yes"")","=SUMIFS(tbl_Helper_CEPD[Fractional_Credit],tbl_Helper_CEPD[NCES_ID],A9,tbl_Helper_CEPD[Aligned_120_Top20_Current],""Yes"")","=SUMIFS(tbl_Helper_CEPD[Fractional_Credit],tbl_Helper_CEPD[NCES_ID],A9,tbl_Helper_CEPD[Aligned_120_Top20_10yr],""Yes"")","=SUMIFS(tbl_Helper_CEPD[Fractional_Credit],tbl_Helper_CEPD[NCES_ID],A9,tbl_Helper_CEPD[Aligned_130_Top15_Current],""Yes"")","=SUMIFS(tbl_Helper_CEPD[Fractional_Credit],tbl_Helper_CEPD[NCES_ID],A9,tbl_Helper_CEPD[Aligned_130_Top15_10yr],""Yes"")","=SUMIFS(tbl_Helper_CEPD[Fractional_Credit],tbl_Helper_CEPD[NCES_ID],A9,tbl_Helper_CEPD[Aligned_130_Top20_Current],""Yes"")","=SUMIFS(tbl_Helper_CEPD[Fractional_Credit],tbl_Helper_CEPD[NCES_ID],A9,tbl_Helper_CEPD[Aligned_130_Top20_10yr],""Yes"")","=IF(D9=0,0,
IF(AND(Active_Toggle_Wage=""110%"",Active_Toggle_OccCount=""Top 15"",Active_Toggle_TimeRef=""Current""),E9/D9*100,
IF(AND(Active_Toggle_Wage=""110%"",Active_Toggle_OccCount=""Top 15"",Active_Toggle_TimeRef=""10-Year Projection""),F9/D9*100,
IF(AND(Active_Toggle_Wage=""110%"",Active_Toggle_OccCount=""Top 20"",Active_Toggle_TimeRef=""Current""),G9/D9*100,
IF(AND(Active_Toggle_Wage=""110%"",Active_Toggle_OccCount=""Top 20"",Active_Toggle_TimeRef=""10-Year Projection""),H9/D9*100,
IF(AND(Active_Toggle_Wage=""120%"",Active_Toggle_OccCount=""Top 15"",Active_Toggle_TimeRef=""Current""),I9/D9*100,
IF(AND(Active_Toggle_Wage=""120%"",Active_Toggle_OccCount=""Top 15"",Active_Toggle_TimeRef=""10-Year Projection""),J9/D9*100,
IF(AND(Active_Toggle_Wage=""120%"",Active_Toggle_OccCount=""Top 20"",Active_Toggle_TimeRef=""Current""),K9/D9*100,
IF(AND(Active_Toggle_Wage=""120%"",Active_Toggle_OccCount=""Top 20"",Active_Toggle_TimeRef=""10-Year Projection""),L9/D9*100,
IF(AND(Active_Toggle_Wage=""130%"",Active_Toggle_OccCount=""Top 15"",Active_Toggle_TimeRef=""Current""),M9/D9*100,
IF(AND(Active_Toggle_Wage=""130%"",Active_Toggle_OccCount=""Top 15"",Active_Toggle_TimeRef=""10-Year Projection""),N9/D9*100,
IF(AND(Active_Toggle_Wage=""130%"",Active_Toggle_OccCount=""Top 20"",Active_Toggle_TimeRef=""Current""),O9/D9*100,
IF(AND(Active_Toggle_Wage=""130%"",Active_Toggle_OccCount=""Top 20"",Active_Toggle_TimeRef=""10-Year Projection""),P9/D9*100,
0)))))))))))))","=IFS(Q9=0,""No Alignment"",Q9<25,""Low (<25%)"",Q9<50,""Moderate (25-50%)"",Q9<75,""Good (50-75%)"",TRUE,""Excellent (≥75%)"")"
2606789,Petoskey Public Schools,"=IFERROR(INDEX(tbl_Districts_Clean[CEPD_Region],MATCH(A10,tbl_Districts_Clean[NCES_ID],0)),"""")","=SUMIFS(tbl_Programs_Fractional[Fractional_Credit],tbl_Programs_Fractional[NCES_ID],A10)","=SUMIFS(tbl_Helper_CEPD[Fractional_Credit],tbl_Helper_CEPD[NCES_ID],A10,tbl_Helper_CEPD[Aligned_110_Top15_Current],""Yes"")","=SUMIFS(tbl_Helper_CEPD[Fractional_Credit],tbl_Helper_CEPD[NCES_ID],A10,tbl_Helper_CEPD[Aligned_110_Top15_10yr],""Yes"")","=SUMIFS(tbl_Helper_CEPD[Fractional_Credit],tbl_Helper_CEPD[NCES_ID],A10,tbl_Helper_CEPD[Aligned_110_Top20_Current],""Yes"")","=SUMIFS(tbl_Helper_CEPD[Fractional_Credit],tbl_Helper_CEPD[NCES_ID],A10,tbl_Helper_CEPD[Aligned_110_Top20_10yr],""Yes"")","=SUMIFS(tbl_Helper_CEPD[Fractional_Credit],tbl_Helper_CEPD[NCES_ID],A10,tbl_Helper_CEPD[Aligned_120_Top15_Current],""Yes"")","=SUMIFS(tbl_Helper_CEPD[Fractional_Credit],tbl_Helper_CEPD[NCES_ID],A10,tbl_Helper_CEPD[Aligned_120_Top15_10yr],""Yes"")","=SUMIFS(tbl_Helper_CEPD[Fractional_Credit],tbl_Helper_CEPD[NCES_ID],A10,tbl_Helper_CEPD[Aligned_120_Top20_Current],""Yes"")","=SUMIFS(tbl_Helper_CEPD[Fractional_Credit],tbl_Helper_CEPD[NCES_ID],A10,tbl_Helper_CEPD[Aligned_120_Top20_10yr],""Yes"")","=SUMIFS(tbl_Helper_CEPD[Fractional_Credit],tbl_Helper_CEPD[NCES_ID],A10,tbl_Helper_CEPD[Aligned_130_Top15_Current],""Yes"")","=SUMIFS(tbl_Helper_CEPD[Fractional_Credit],tbl_Helper_CEPD[NCES_ID],A10,tbl_Helper_CEPD[Aligned_130_Top15_10yr],""Yes"")","=SUMIFS(tbl_Helper_CEPD[Fractional_Credit],tbl_Helper_CEPD[NCES_ID],A10,tbl_Helper_CEPD[Aligned_130_Top20_Current],""Yes"")","=SUMIFS(tbl_Helper_CEPD[Fractional_Credit],tbl_Helper_CEPD[NCES_ID],A10,tbl_Helper_CEPD[Aligned_130_Top20_10yr],""Yes"")","=IF(D10=0,0,
IF(AND(Active_Toggle_Wage=""110%"",Active_Toggle_OccCount=""Top 15"",Active_Toggle_TimeRef=""Current""),E10/D10*100,
IF(AND(Active_Toggle_Wage=""110%"",Active_Toggle_OccCount=""Top 15"",Active_Toggle_TimeRef=""10-Year Projection""),F10/D10*100,
IF(AND(Active_Toggle_Wage=""110%"",Active_Toggle_OccCount=""Top 20"",Active_Toggle_TimeRef=""Current""),G10/D10*100,
IF(AND(Active_Toggle_Wage=""110%"",Active_Toggle_OccCount=""Top 20"",Active_Toggle_TimeRef=""10-Year Projection""),H10/D10*100,
IF(AND(Active_Toggle_Wage=""120%"",Active_Toggle_OccCount=""Top 15"",Active_Toggle_TimeRef=""Current""),I10/D10*100,
IF(AND(Active_Toggle_Wage=""120%"",Active_Toggle_OccCount=""Top 15"",Active_Toggle_TimeRef=""10-Year Projection""),J10/D10*100,
IF(AND(Active_Toggle_Wage=""120%"",Active_Toggle_OccCount=""Top 20"",Active_Toggle_TimeRef=""Current""),K10/D10*100,
IF(AND(Active_Toggle_Wage=""120%"",Active_Toggle_OccCount=""Top 20"",Active_Toggle_TimeRef=""10-Year Projection""),L10/D10*100,
IF(AND(Active_Toggle_Wage=""130%"",Active_Toggle_OccCount=""Top 15"",Active_Toggle_TimeRef=""Current""),M10/D10*100,
IF(AND(Active_Toggle_Wage=""130%"",Active_Toggle_OccCount=""Top 15"",Active_Toggle_TimeRef=""10-Year Projection""),N10/D10*100,
IF(AND(Active_Toggle_Wage=""130%"",Active_Toggle_OccCount=""Top 20"",Active_Toggle_TimeRef=""Current""),O10/D10*100,
IF(AND(Active_Toggle_Wage=""130%"",Active_Toggle_OccCount=""Top 20"",Active_Toggle_TimeRef=""10-Year Projection""),P10/D10*100,
0)))))))))))))","=IFS(Q10=0,""No Alignment"",Q10<25,""Low (<25%)"",Q10<50,""Moderate (25-50%)"",Q10<75,""Good (50-75%)"",TRUE,""Excellent (≥75%)"")"
2607890,Manistique Area Schools,"=IFERROR(INDEX(tbl_Districts_Clean[CEPD_Region],MATCH(A11,tbl_Districts_Clean[NCES_ID],0)),"""")","=SUMIFS(tbl_Programs_Fractional[Fractional_Credit],tbl_Programs_Fractional[NCES_ID],A11)","=SUMIFS(tbl_Helper_CEPD[Fractional_Credit],tbl_Helper_CEPD[NCES_ID],A11,tbl_Helper_CEPD[Aligned_110_Top15_Current],""Yes"")","=SUMIFS(tbl_Helper_CEPD[Fractional_Credit],tbl_Helper_CEPD[NCES_ID],A11,tbl_Helper_CEPD[Aligned_110_Top15_10yr],""Yes"")","=SUMIFS(tbl_Helper_CEPD[Fractional_Credit],tbl_Helper_CEPD[NCES_ID],A11,tbl_Helper_CEPD[Aligned_110_Top20_Current],""Yes"")","=SUMIFS(tbl_Helper_CEPD[Fractional_Credit],tbl_Helper_CEPD[NCES_ID],A11,tbl_Helper_CEPD[Aligned_110_Top20_10yr],""Yes"")","=SUMIFS(tbl_Helper_CEPD[Fractional_Credit],tbl_Helper_CEPD[NCES_ID],A11,tbl_Helper_CEPD[Aligned_120_Top15_Current],""Yes"")","=SUMIFS(tbl_Helper_CEPD[Fractional_Credit],tbl_Helper_CEPD[NCES_ID],A11,tbl_Helper_CEPD[Aligned_120_Top15_10yr],""Yes"")","=SUMIFS(tbl_Helper_CEPD[Fractional_Credit],tbl_Helper_CEPD[NCES_ID],A11,tbl_Helper_CEPD[Aligned_120_Top20_Current],""Yes"")","=SUMIFS(tbl_Helper_CEPD[Fractional_Credit],tbl_Helper_CEPD[NCES_ID],A11,tbl_Helper_CEPD[Aligned_120_Top20_10yr],""Yes"")","=SUMIFS(tbl_Helper_CEPD[Fractional_Credit],tbl_Helper_CEPD[NCES_ID],A11,tbl_Helper_CEPD[Aligned_130_Top15_Current],""Yes"")","=SUMIFS(tbl_Helper_CEPD[Fractional_Credit],tbl_Helper_CEPD[NCES_ID],A11,tbl_Helper_CEPD[Aligned_130_Top15_10yr],""Yes"")","=SUMIFS(tbl_Helper_CEPD[Fractional_Credit],tbl_Helper_CEPD[NCES_ID],A11,tbl_Helper_CEPD[Aligned_130_Top20_Current],""Yes"")","=SUMIFS(tbl_Helper_CEPD[Fractional_Credit],tbl_Helper_CEPD[NCES_ID],A11,tbl_Helper_CEPD[Aligned_130_Top20_10yr],""Yes"")","=IF(D11=0,0,
IF(AND(Active_Toggle_Wage=""110%"",Active_Toggle_OccCount=""Top 15"",Active_Toggle_TimeRef=""Current""),E11/D11*100,
IF(AND(Active_Toggle_Wage=""110%"",Active_Toggle_OccCount=""Top 15"",Active_Toggle_TimeRef=""10-Year Projection""),F11/D11*100,
IF(AND(Active_Toggle_Wage=""110%"",Active_Toggle_OccCount=""Top 20"",Active_Toggle_TimeRef=""Current""),G11/D11*100,
IF(AND(Active_Toggle_Wage=""110%"",Active_Toggle_OccCount=""Top 20"",Active_Toggle_TimeRef=""10-Year Projection""),H11/D11*100,
IF(AND(Active_Toggle_Wage=""120%"",Active_Toggle_OccCount=""Top 15"",Active_Toggle_TimeRef=""Current""),I11/D11*100,
IF(AND(Active_Toggle_Wage=""120%"",Active_Toggle_OccCount=""Top 15"",Active_Toggle_TimeRef=""10-Year Projection""),J11/D11*100,
IF(AND(Active_Toggle_Wage=""120%"",Active_Toggle_OccCount=""Top 20"",Active_Toggle_TimeRef=""Current""),K11/D11*100,
IF(AND(Active_Toggle_Wage=""120%"",Active_Toggle_OccCount=""Top 20"",Active_Toggle_TimeRef=""10-Year Projection""),L11/D11*100,
IF(AND(Active_Toggle_Wage=""130%"",Active_Toggle_OccCount=""Top 15"",Active_Toggle_TimeRef=""Current""),M11/D11*100,
IF(AND(Active_Toggle_Wage=""130%"",Active_Toggle_OccCount=""Top 15"",Active_Toggle_TimeRef=""10-Year Projection""),N11/D11*100,
IF(AND(Active_Toggle_Wage=""130%"",Active_Toggle_OccCount=""Top 20"",Active_Toggle_TimeRef=""Current""),O11/D11*100,
IF(AND(Active_Toggle_Wage=""130%"",Active_Toggle_OccCount=""Top 20"",Active_Toggle_TimeRef=""10-Year Projection""),P11/D11*100,
0)))))))))))))","=IFS(Q11=0,""No Alignment"",Q11<25,""Low (<25%)"",Q11<50,""Moderate (25-50%)"",Q11<75,""Good (50-75%)"",TRUE,""Excellent (≥75%)"")"
2608901,Ironwood Area Schools,"=IFERROR(INDEX(tbl_Districts_Clean[CEPD_Region],MATCH(A12,tbl_Districts_Clean[NCES_ID],0)),"""")","=SUMIFS(tbl_Programs_Fractional[Fractional_Credit],tbl_Programs_Fractional[NCES_ID],A12)","=SUMIFS(tbl_Helper_CEPD[Fractional_Credit],tbl_Helper_CEPD[NCES_ID],A12,tbl_Helper_CEPD[Aligned_110_Top15_Current],""Yes"")","=SUMIFS(tbl_Helper_CEPD[Fractional_Credit],tbl_Helper_CEPD[NCES_ID],A12,tbl_Helper_CEPD[Aligned_110_Top15_10yr],""Yes"")","=SUMIFS(tbl_Helper_CEPD[Fractional_Credit],tbl_Helper_CEPD[NCES_ID],A12,tbl_Helper_CEPD[Aligned_110_Top20_Current],""Yes"")","=SUMIFS(tbl_Helper_CEPD[Fractional_Credit],tbl_Helper_CEPD[NCES_ID],A12,tbl_Helper_CEPD[Aligned_110_Top20_10yr],""Yes"")","=SUMIFS(tbl_Helper_CEPD[Fractional_Credit],tbl_Helper_CEPD[NCES_ID],A12,tbl_Helper_CEPD[Aligned_120_Top15_Current],""Yes"")","=SUMIFS(tbl_Helper_CEPD[Fractional_Credit],tbl_Helper_CEPD[NCES_ID],A12,tbl_Helper_CEPD[Aligned_120_Top15_10yr],""Yes"")","=SUMIFS(tbl_Helper_CEPD[Fractional_Credit],tbl_Helper_CEPD[NCES_ID],A12,tbl_Helper_CEPD[Aligned_120_Top20_Current],""Yes"")","=SUMIFS(tbl_Helper_CEPD[Fractional_Credit],tbl_Helper_CEPD[NCES_ID],A12,tbl_Helper_CEPD[Aligned_120_Top20_10yr],""Yes"")","=SUMIFS(tbl_Helper_CEPD[Fractional_Credit],tbl_Helper_CEPD[NCES_ID],A12,tbl_Helper_CEPD[Aligned_130_Top15_Current],""Yes"")","=SUMIFS(tbl_Helper_CEPD[Fractional_Credit],tbl_Helper_CEPD[NCES_ID],A12,tbl_Helper_CEPD[Aligned_130_Top15_10yr],""Yes"")","=SUMIFS(tbl_Helper_CEPD[Fractional_Credit],tbl_Helper_CEPD[NCES_ID],A12,tbl_Helper_CEPD[Aligned_130_Top20_Current],""Yes"")","=SUMIFS(tbl_Helper_CEPD[Fractional_Credit],tbl_Helper_CEPD[NCES_ID],A12,tbl_Helper_CEPD[Aligned_130_Top20_10yr],""Yes"")","=IF(D12=0,0,
IF(AND(Active_Toggle_Wage=""110%"",Active_Toggle_OccCount=""Top 15"",Active_Toggle_TimeRef=""Current""),E12/D12*100,
IF(AND(Active_Toggle_Wage=""110%"",Active_Toggle_OccCount=""Top 15"",Active_Toggle_TimeRef=""10-Year Projection""),F12/D12*100,
IF(AND(Active_Toggle_Wage=""110%"",Active_Toggle_OccCount=""Top 20"",Active_Toggle_TimeRef=""Current""),G12/D12*100,
IF(AND(Active_Toggle_Wage=""110%"",Active_Toggle_OccCount=""Top 20"",Active_Toggle_TimeRef=""10-Year Projection""),H12/D12*100,
IF(AND(Active_Toggle_Wage=""120%"",Active_Toggle_OccCount=""Top 15"",Active_Toggle_TimeRef=""Current""),I12/D12*100,
IF(AND(Active_Toggle_Wage=""120%"",Active_Toggle_OccCount=""Top 15"",Active_Toggle_TimeRef=""10-Year Projection""),J12/D12*100,
IF(AND(Active_Toggle_Wage=""120%"",Active_Toggle_OccCount=""Top 20"",Active_Toggle_TimeRef=""Current""),K12/D12*100,
IF(AND(Active_Toggle_Wage=""120%"",Active_Toggle_OccCount=""Top 20"",Active_Toggle_TimeRef=""10-Year Projection""),L12/D12*100,
IF(AND(Active_Toggle_Wage=""130%"",Active_Toggle_OccCount=""Top 15"",Active_Toggle_TimeRef=""Current""),M12/D12*100,
IF(AND(Active_Toggle_Wage=""130%"",Active_Toggle_OccCount=""Top 15"",Active_Toggle_TimeRef=""10-Year Projection""),N12/D12*100,
IF(AND(Active_Toggle_Wage=""130%"",Active_Toggle_OccCount=""Top 20"",Active_Toggle_TimeRef=""Current""),O12/D12*100,
IF(AND(Active_Toggle_Wage=""130%"",Active_Toggle_OccCount=""Top 20"",Active_Toggle_TimeRef=""10-Year Projection""),P12/D12*100,
0)))))))))))))","=IFS(Q12=0,""No Alignment"",Q12<25,""Low (<25%)"",Q12<50,""Moderate (25-50%)"",Q12<75,""Good (50-75%)"",TRUE,""Excellent (≥75%)"")"
2600234,Livonia Public Schools,"=IFERROR(INDEX(tbl_Districts_Clean[CEPD_Region],MATCH(A13,tbl_Districts_Clean[NCES_ID],0)),"""")","=SUMIFS(tbl_Programs_Fractional[Fractional_Credit],tbl_Programs_Fractional[NCES_ID],A13)","=SUMIFS(tbl_Helper_CEPD[Fractional_Credit],tbl_Helper_CEPD[NCES_ID],A13,tbl_Helper_CEPD[Aligned_110_Top15_Current],""Yes"")","=SUMIFS(tbl_Helper_CEPD[Fractional_Credit],tbl_Helper_CEPD[NCES_ID],A13,tbl_Helper_CEPD[Aligned_110_Top15_10yr],""Yes"")","=SUMIFS(tbl_Helper_CEPD[Fractional_Credit],tbl_Helper_CEPD[NCES_ID],A13,tbl_Helper_CEPD[Aligned_110_Top20_Current],""Yes"")","=SUMIFS(tbl_Helper_CEPD[Fractional_Credit],tbl_Helper_CEPD[NCES_ID],A13,tbl_Helper_CEPD[Aligned_110_Top20_10yr],""Yes"")","=SUMIFS(tbl_Helper_CEPD[Fractional_Credit],tbl_Helper_CEPD[NCES_ID],A13,tbl_Helper_CEPD[Aligned_120_Top15_Current],""Yes"")","=SUMIFS(tbl_Helper_CEPD[Fractional_Credit],tbl_Helper_CEPD[NCES_ID],A13,tbl_Helper_CEPD[Aligned_120_Top15_10yr],""Yes"")","=SUMIFS(tbl_Helper_CEPD[Fractional_Credit],tbl_Helper_CEPD[NCES_ID],A13,tbl_Helper_CEPD[Aligned_120_Top20_Current],""Yes"")","=SUMIFS(tbl_Helper_CEPD[Fractional_Credit],tbl_Helper_CEPD[NCES_ID],A13,tbl_Helper_CEPD[Aligned_120_Top20_10yr],""Yes"")","=SUMIFS(tbl_Helper_CEPD[Fractional_Credit],tbl_Helper_CEPD[NCES_ID],A13,tbl_Helper_CEPD[Aligned_130_Top15_Current],""Yes"")","=SUMIFS(tbl_Helper_CEPD[Fractional_Credit],tbl_Helper_CEPD[NCES_ID],A13,tbl_Helper_CEPD[Aligned_130_Top15_10yr],""Yes"")","=SUMIFS(tbl_Helper_CEPD[Fractional_Credit],tbl_Helper_CEPD[NCES_ID],A13,tbl_Helper_CEPD[Aligned_130_Top20_Current],""Yes"")","=SUMIFS(tbl_Helper_CEPD[Fractional_Credit],tbl_Helper_CEPD[NCES_ID],A13,tbl_Helper_CEPD[Aligned_130_Top20_10yr],""Yes"")","=IF(D13=0,0,
IF(AND(Active_Toggle_Wage=""110%"",Active_Toggle_OccCount=""Top 15"",Active_Toggle_TimeRef=""Current""),E13/D13*100,
IF(AND(Active_Toggle_Wage=""110%"",Active_Toggle_OccCount=""Top 15"",Active_Toggle_TimeRef=""10-Year Projection""),F13/D13*100,
IF(AND(Active_Toggle_Wage=""110%"",Active_Toggle_OccCount=""Top 20"",Active_Toggle_TimeRef=""Current""),G13/D13*100,
IF(AND(Active_Toggle_Wage=""110%"",Active_Toggle_OccCount=""Top 20"",Active_Toggle_TimeRef=""10-Year Projection""),H13/D13*100,
IF(AND(Active_Toggle_Wage=""120%"",Active_Toggle_OccCount=""Top 15"",Active_Toggle_TimeRef=""Current""),I13/D13*100,
IF(AND(Active_Toggle_Wage=""120%"",Active_Toggle_OccCount=""Top 15"",Active_Toggle_TimeRef=""10-Year Projection""),J13/D13*100,
IF(AND(Active_Toggle_Wage=""120%"",Active_Toggle_OccCount=""Top 20"",Active_Toggle_TimeRef=""Current""),K13/D13*100,
IF(AND(Active_Toggle_Wage=""120%"",Active_Toggle_OccCount=""Top 20"",Active_Toggle_TimeRef=""10-Year Projection""),L13/D13*100,
IF(AND(Active_Toggle_Wage=""130%"",Active_Toggle_OccCount=""Top 15"",Active_Toggle_TimeRef=""Current""),M13/D13*100,
IF(AND(Active_Toggle_Wage=""130%"",Active_Toggle_OccCount=""Top 15"",Active_Toggle_TimeRef=""10-Year Projection""),N13/D13*100,
IF(AND(Active_Toggle_Wage=""130%"",Active_Toggle_OccCount=""Top 20"",Active_Toggle_TimeRef=""Current""),O13/D13*100,
IF(AND(Active_Toggle_Wage=""130%"",Active_Toggle_OccCount=""Top 20"",Active_Toggle_TimeRef=""10-Year Projection""),P13/D13*100,
0)))))))))))))","=IFS(Q13=0,""No Alignment"",Q13<25,""Low (<25%)"",Q13<50,""Moderate (25-50%)"",Q13<75,""Good (50-75%)"",TRUE,""Excellent (≥75%)"")"
2601345,Midland Public Schools,"=IFERROR(INDEX(tbl_Districts_Clean[CEPD_Region],MATCH(A14,tbl_Districts_Clean[NCES_ID],0)),"""")","=SUMIFS(tbl_Programs_Fractional[Fractional_Credit],tbl_Programs_Fractional[NCES_ID],A14)","=SUMIFS(tbl_Helper_CEPD[Fractional_Credit],tbl_Helper_CEPD[NCES_ID],A14,tbl_Helper_CEPD[Aligned_110_Top15_Current],""Yes"")","=SUMIFS(tbl_Helper_CEPD[Fractional_Credit],tbl_Helper_CEPD[NCES_ID],A14,tbl_Helper_CEPD[Aligned_110_Top15_10yr],""Yes"")","=SUMIFS(tbl_Helper_CEPD[Fractional_Credit],tbl_Helper_CEPD[NCES_ID],A14,tbl_Helper_CEPD[Aligned_110_Top20_Current],""Yes"")","=SUMIFS(tbl_Helper_CEPD[Fractional_Credit],tbl_Helper_CEPD[NCES_ID],A14,tbl_Helper_CEPD[Aligned_110_Top20_10yr],""Yes"")","=SUMIFS(tbl_Helper_CEPD[Fractional_Credit],tbl_Helper_CEPD[NCES_ID],A14,tbl_Helper_CEPD[Aligned_120_Top15_Current],""Yes"")","=SUMIFS(tbl_Helper_CEPD[Fractional_Credit],tbl_Helper_CEPD[NCES_ID],A14,tbl_Helper_CEPD[Aligned_120_Top15_10yr],""Yes"")","=SUMIFS(tbl_Helper_CEPD[Fractional_Credit],tbl_Helper_CEPD[NCES_ID],A14,tbl_Helper_CEPD[Aligned_120_Top20_Current],""Yes"")","=SUMIFS(tbl_Helper_CEPD[Fractional_Credit],tbl_Helper_CEPD[NCES_ID],A14,tbl_Helper_CEPD[Aligned_120_Top20_10yr],""Yes"")","=SUMIFS(tbl_Helper_CEPD[Fractional_Credit],tbl_Helper_CEPD[NCES_ID],A14,tbl_Helper_CEPD[Aligned_130_Top15_Current],""Yes"")","=SUMIFS(tbl_Helper_CEPD[Fractional_Credit],tbl_Helper_CEPD[NCES_ID],A14,tbl_Helper_CEPD[Aligned_130_Top15_10yr],""Yes"")","=SUMIFS(tbl_Helper_CEPD[Fractional_Credit],tbl_Helper_CEPD[NCES_ID],A14,tbl_Helper_CEPD[Aligned_130_Top20_Current],""Yes"")","=SUMIFS(tbl_Helper_CEPD[Fractional_Credit],tbl_Helper_CEPD[NCES_ID],A14,tbl_Helper_CEPD[Aligned_130_Top20_10yr],""Yes"")","=IF(D14=0,0,
IF(AND(Active_Toggle_Wage=""110%"",Active_Toggle_OccCount=""Top 15"",Active_Toggle_TimeRef=""Current""),E14/D14*100,
IF(AND(Active_Toggle_Wage=""110%"",Active_Toggle_OccCount=""Top 15"",Active_Toggle_TimeRef=""10-Year Projection""),F14/D14*100,
IF(AND(Active_Toggle_Wage=""110%"",Active_Toggle_OccCount=""Top 20"",Active_Toggle_TimeRef=""Current""),G14/D14*100,
IF(AND(Active_Toggle_Wage=""110%"",Active_Toggle_OccCount=""Top 20"",Active_Toggle_TimeRef=""10-Year Projection""),H14/D14*100,
IF(AND(Active_Toggle_Wage=""120%"",Active_Toggle_OccCount=""Top 15"",Active_Toggle_TimeRef=""Current""),I14/D14*100,
IF(AND(Active_Toggle_Wage=""120%"",Active_Toggle_OccCount=""Top 15"",Active_Toggle_TimeRef=""10-Year Projection""),J14/D14*100,
IF(AND(Active_Toggle_Wage=""120%"",Active_Toggle_OccCount=""Top 20"",Active_Toggle_TimeRef=""Current""),K14/D14*100,
IF(AND(Active_Toggle_Wage=""120%"",Active_Toggle_OccCount=""Top 20"",Active_Toggle_TimeRef=""10-Year Projection""),L14/D14*100,
IF(AND(Active_Toggle_Wage=""130%"",Active_Toggle_OccCount=""Top 15"",Active_Toggle_TimeRef=""Current""),M14/D14*100,
IF(AND(Active_Toggle_Wage=""130%"",Active_Toggle_OccCount=""Top 15"",Active_Toggle_TimeRef=""10-Year Projection""),N14/D14*100,
IF(AND(Active_Toggle_Wage=""130%"",Active_Toggle_OccCount=""Top 20"",Active_Toggle_TimeRef=""Current""),O14/D14*100,
IF(AND(Active_Toggle_Wage=""130%"",Active_Toggle_OccCount=""Top 20"",Active_Toggle_TimeRef=""10-Year Projection""),P14/D14*100,
0)))))))))))))","=IFS(Q14=0,""No Alignment"",Q14<25,""Low (<25%)"",Q14<50,""Moderate (25-50%)"",Q14<75,""Good (50-75%)"",TRUE,""Excellent (≥75%)"")"
